STRUCTURE,STRUCTURE_ID,STRUCTURE_NAME,ACTION,REF_AREA,,EDUCATION_LEV,,MEASURE,,EDUCATION_TYPE,,INTENSITY,,EDUCATION_FIELD,,GRADE,,FREQ,,ORIGIN,,DESTINATION,,INST_TYPE_EDU,,MOBILITY,,UNIT_MEASURE,,SEX,,AGE,,TIME_PERIOD,,OBS_VALUE,,REF_YEAR_AGES,,ORIGIN_CRITERION,,REPYEARSTART,,REPYEAREND,,OBS_STATUS,,CONF_STATUS,,COMMENT_OBS,,DECIMALS,,TIME_PER_COLLECT,,UNIT_MULT,
DATAFLOW,OECD.EDU.IMEP:DSD_EAG_UOE_NON_FIN_PERS@DF_UOE_NF_PERS_CLS(1.0),,I,USA,,ISCED11_2,,CLS,,FE,,_T,,_Z,,_Z,,A,,_Z,,_Z,,INST_EDU,,_Z,,ST_CL,,_T,,_T,,2022,,21.24829,,,,,,,,,,A,,,,,,2,,,,0,
DATAFLOW,OECD.EDU.IMEP:DSD_EAG_UOE_NON_FIN_PERS@DF_UOE_NF_PERS_CLS(1.0),,I,AUS,,ISCED11_1,,CLS,,FE,,_T,,_Z,,_Z,,A,,_Z,,_Z,,INST_EDU,,_Z,,ST_CL,,_T,,_T,,2022,,23.08327,,,,,,,,,,A,,,,,,2,,,,0,
DATAFLOW,OECD.EDU.IMEP:DSD_EAG_UOE_NON_FIN_PERS@DF_UOE_NF_PERS_CLS(1.0),,I,DNK,,ISCED11_1,,CLS,,FE,,_T,,_Z,,_Z,,A,,_Z,,_Z,,INST_EDU_PRIV_IND,,_Z,,ST_CL,,_T,,_T,,2022,,,,,,,,,,,,M,,,,,,2,,,,0,
DATAFLOW,OECD.EDU.IMEP:DSD_EAG_UOE_NON_FIN_PERS@DF_UOE_NF_PERS_CLS(1.0),,I,CZE,,ISCED11_1,,CLS,,FE,,_T,,_Z,,_Z,,A,,_Z,,_Z,,INST_EDU_PRIV_IND,,_Z,,ST_CL,,_T,,_T,,2022,,,,,,,,,,,,M,,,,,,2,,,,0,
DATAFLOW,OECD.EDU.IMEP:DSD_EAG_UOE_NON_FIN_PERS@DF_UOE_NF_PERS_CLS(1.0),,I,AUT,,ISCED11_2,,CLS,,FE,,_T,,_Z,,_Z,,A,,_Z,,_Z,,INST_EDU_PUB,,_Z,,ST_CL,,_T,,_T,,2022,,21.13172,,,,,,,,,,A,,,,,,2,,,,0,
DATAFLOW,OECD.EDU.IMEP:DSD_EAG_UOE_NON_FIN_PERS@DF_UOE_NF_PERS_CLS(1.0),,I,AUT,,ISCED11_1,,CLS,,FE,,_T,,_Z,,_Z,,A,,_Z,,_Z,,INST_EDU,,_Z,,ST_CL,,_T,,_T,,2022,,18.17541,,,,,,,,,,A,,,,,,2,,,,0,
DATAFLOW,OECD.EDU.IMEP:DSD_EAG_UOE_NON_FIN_PERS@DF_UOE_NF_PERS_CLS(1.0),,I,AUT,,ISCED11_1,,CLS,,FE,,_T,,_Z,,_Z,,A,,_Z,,_Z,,INST_EDU_PRIV,,_Z,,ST_CL,,_T,,_T,,2022,,18.81645,,,,,,,,,,A,,,,,,2,,,,0,
DATAFLOW,OECD.EDU.IMEP:DSD_EAG_UOE_NON_FIN_PERS@DF_UOE_NF_PERS_CLS(1.0),,I,AUS,,ISCED11_2,,CLS,,FE,,_T,,_Z,,_Z,,A,,_Z,,_Z,,INST_EDU_PRIV_GOV,,_Z,,ST_CL,,_T,,_T,,2022,,18.80938,,,,,,,,,,A,,,,,,2,,,,0,
DATAFLOW,OECD.EDU.IMEP:DSD_EAG_UOE_NON_FIN_PERS@DF_UOE_NF_PERS_CLS(1.0),,I,AUS,,ISCED11_1,,CLS,,FE,,_T,,_Z,,_Z,,A,,_Z,,_Z,,INST_EDU_PUB,,_Z,,ST_CL,,_T,,_T,,2022,,22.93592,,,,,,,,,,A,,,,,,2,,,,0,
DATAFLOW,OECD.EDU.IMEP:DSD_EAG_UOE_NON_FIN_PERS@DF_UOE_NF_PERS_CLS(1.0),,I,AUS,,ISCED11_2,,CLS,,FE,,_T,,_Z,,_Z,,A,,_Z,,_Z,,INST_EDU,,_Z,,ST_CL,,_T,,_T,,2022,,20.45158,,,,,,,,,,A,,,,,,2,,,,0,
DATAFLOW,OECD.EDU.IMEP:DSD_EAG_UOE_NON_FIN_PERS@DF_UOE_NF_PERS_CLS(1.0),,I,GBR,,ISCED11_1,,CLS,,FE,,_T,,_Z,,_Z,,A,,_Z,,_Z,,INST_EDU_PRIV_GOV,,_Z,,ST_CL,,_T,,_T,,2022,,27.50369,,,,,,,,,,A,,,,,,2,,,,0,
DATAFLOW,OECD.EDU.IMEP:DSD_EAG_UOE_NON_FIN_PERS@DF_UOE_NF_PERS_CLS(1.0),,I,AUS,,ISCED11_2,,CLS,,FE,,_T,,_Z,,_Z,,A,,_Z,,_Z,,INST_EDU_PRIV,,_Z,,ST_CL,,_T,,_T,,2022,,18.80938,,,,,,,,,,A,,,,,,2,,,,0,
DATAFLOW,OECD.EDU.IMEP:DSD_EAG_UOE_NON_FIN_PERS@DF_UOE_NF_PERS_CLS(1.0),,I,COL,,ISCED11_2,,CLS,,FE,,_T,,_Z,,_Z,,A,,_Z,,_Z,,INST_EDU_PRIV,,_Z,,ST_CL,,_T,,_T,,2022,,22.6581,,,,,,,,,,A,,,,,,2,,,,0,
DATAFLOW,OECD.EDU.IMEP:DSD_EAG_UOE_NON_FIN_PERS@DF_UOE_NF_PERS_CLS(1.0),,I,COL,,ISCED11_2,,CLS,,FE,,_T,,_Z,,_Z,,A,,_Z,,_Z,,INST_EDU,,_Z,,ST_CL,,_T,,_T,,2022,,28.59395,,,,,,,,,,A,,,,,,2,,,,0,
DATAFLOW,OECD.EDU.IMEP:DSD_EAG_UOE_NON_FIN_PERS@DF_UOE_NF_PERS_CLS(1.0),,I,COL,,ISCED11_1,,CLS,,FE,,_T,,_Z,,_Z,,A,,_Z,,_Z,,INST_EDU_PRIV,,_Z,,ST_CL,,_T,,_T,,2022,,17.21774,,,,,,,,,,A,,,,,,2,,,,0,
DATAFLOW,OECD.EDU.IMEP:DSD_EAG_UOE_NON_FIN_PERS@DF_UOE_NF_PERS_CLS(1.0),,I,COL,,ISCED11_1,,CLS,,FE,,_T,,_Z,,_Z,,A,,_Z,,_Z,,INST_EDU,,_Z,,ST_CL,,_T,,_T,,2022,,22.20974,,,,,,,,,,A,,,,,,2,,,,0,
DATAFLOW,OECD.EDU.IMEP:DSD_EAG_UOE_NON_FIN_PERS@DF_UOE_NF_PERS_CLS(1.0),,I,COL,,ISCED11_1,,CLS,,FE,,_T,,_Z,,_Z,,A,,_Z,,_Z,,INST_EDU_PUB,,_Z,,ST_CL,,_T,,_T,,2022,,24.43236,,,,,,,,,,A,,,,,,2,,,,0,
DATAFLOW,OECD.EDU.IMEP:DSD_EAG_UOE_NON_FIN_PERS@DF_UOE_NF_PERS_CLS(1.0),,I,COL,,ISCED11_2,,CLS,,FE,,_T,,_Z,,_Z,,A,,_Z,,_Z,,INST_EDU_PUB,,_Z,,ST_CL,,_T,,_T,,2022,,30.50495,,,,,,,,,,A,,,,,,2,,,,0,
DATAFLOW,OECD.EDU.IMEP:DSD_EAG_UOE_NON_FIN_PERS@DF_UOE_NF_PERS_CLS(1.0),,I,CHL,,ISCED11_1,,CLS,,FE,,_T,,_Z,,_Z,,A,,_Z,,_Z,,INST_EDU_PRIV,,_Z,,ST_CL,,_T,,_T,,2022,,32.41327,,,,,,,,,,A,,,,,,2,,,,0,
DATAFLOW,OECD.EDU.IMEP:DSD_EAG_UOE_NON_FIN_PERS@DF_UOE_NF_PERS_CLS(1.0),,I,CHL,,ISCED11_2,,CLS,,FE,,_T,,_Z,,_Z,,A,,_Z,,_Z,,INST_EDU_PRIV_GOV,,_Z,,ST_CL,,_T,,_T,,2022,,34.66334,,,,,,,,,,A,,,,,,2,,,,0,
DATAFLOW,OECD.EDU.IMEP:DSD_EAG_UOE_NON_FIN_PERS@DF_UOE_NF_PERS_CLS(1.0),,I,CHL,,ISCED11_1,,CLS,,FE,,_T,,_Z,,_Z,,A,,_Z,,_Z,,INST_EDU_PRIV_IND,,_Z,,ST_CL,,_T,,_T,,2022,,25.74785,,,,,,,,,,A,,,,,,2,,,,0,
DATAFLOW,OECD.EDU.IMEP:DSD_EAG_UOE_NON_FIN_PERS@DF_UOE_NF_PERS_CLS(1.0),,I,CHL,,ISCED11_2,,CLS,,FE,,_T,,_Z,,_Z,,A,,_Z,,_Z,,INST_EDU_PRIV_IND,,_Z,,ST_CL,,_T,,_T,,2022,,25.7624,,,,,,,,,,A,,,,,,2,,,,0,
DATAFLOW,OECD.EDU.IMEP:DSD_EAG_UOE_NON_FIN_PERS@DF_UOE_NF_PERS_CLS(1.0),,I,CHL,,ISCED11_1,,CLS,,FE,,_T,,_Z,,_Z,,A,,_Z,,_Z,,INST_EDU_PRIV_GOV,,_Z,,ST_CL,,_T,,_T,,2022,,34.12796,,,,,,,,,,A,,,,,,2,,,,0,
DATAFLOW,OECD.EDU.IMEP:DSD_EAG_UOE_NON_FIN_PERS@DF_UOE_NF_PERS_CLS(1.0),,I,CHL,,ISCED11_2,,CLS,,FE,,_T,,_Z,,_Z,,A,,_Z,,_Z,,INST_EDU,,_Z,,ST_CL,,_T,,_T,,2022,,31.60061,,,,,,,,,,A,,,,,,2,,,,0,
DATAFLOW,OECD.EDU.IMEP:DSD_EAG_UOE_NON_FIN_PERS@DF_UOE_NF_PERS_CLS(1.0),,I,CHL,,ISCED11_1,,CLS,,FE,,_T,,_Z,,_Z,,A,,_Z,,_Z,,INST_EDU,,_Z,,ST_CL,,_T,,_T,,2022,,30.96331,,,,,,,,,,A,,,,,,2,,,,0,
DATAFLOW,OECD.EDU.IMEP:DSD_EAG_UOE_NON_FIN_PERS@DF_UOE_NF_PERS_CLS(1.0),,I,CHL,,ISCED11_2,,CLS,,FE,,_T,,_Z,,_Z,,A,,_Z,,_Z,,INST_EDU_PUB,,_Z,,ST_CL,,_T,,_T,,2022,,29.53908,,,,,,,,,,A,,,,,,2,,,,0,
DATAFLOW,OECD.EDU.IMEP:DSD_EAG_UOE_NON_FIN_PERS@DF_UOE_NF_PERS_CLS(1.0),,I,CHL,,ISCED11_1,,CLS,,FE,,_T,,_Z,,_Z,,A,,_Z,,_Z,,INST_EDU_PUB,,_Z,,ST_CL,,_T,,_T,,2022,,28.33053,,,,,,,,,,A,,,,,,2,,,,0,
DATAFLOW,OECD.EDU.IMEP:DSD_EAG_UOE_NON_FIN_PERS@DF_UOE_NF_PERS_CLS(1.0),,I,AUT,,ISCED11_2,,CLS,,FE,,_T,,_Z,,_Z,,A,,_Z,,_Z,,INST_EDU,,_Z,,ST_CL,,_T,,_T,,2022,,21.10597,,,,,,,,,,A,,,,,,2,,,,0,
DATAFLOW,OECD.EDU.IMEP:DSD_EAG_UOE_NON_FIN_PERS@DF_UOE_NF_PERS_CLS(1.0),,I,AUS,,ISCED11_2,,CLS,,FE,,_T,,_Z,,_Z,,A,,_Z,,_Z,,INST_EDU_PUB,,_Z,,ST_CL,,_T,,_T,,2022,,21.65275,,,,,,,,,,A,,,,,,2,,,,0,
DATAFLOW,OECD.EDU.IMEP:DSD_EAG_UOE_NON_FIN_PERS@DF_UOE_NF_PERS_CLS(1.0),,I,AUT,,ISCED11_1,,CLS,,FE,,_T,,_Z,,_Z,,A,,_Z,,_Z,,INST_EDU_PUB,,_Z,,ST_CL,,_T,,_T,,2022,,18.13366,,,,,,,,,,A,,,,,,2,,,,0,
DATAFLOW,OECD.EDU.IMEP:DSD_EAG_UOE_NON_FIN_PERS@DF_UOE_NF_PERS_CLS(1.0),,I,FIN,,ISCED11_1,,CLS,,FE,,_T,,_Z,,_Z,,A,,_Z,,_Z,,INST_EDU_PRIV_GOV,,_Z,,ST_CL,,_T,,_T,,2022,,17.9375,,,,,,,,,,A,,,,,,2,,,,0,
DATAFLOW,OECD.EDU.IMEP:DSD_EAG_UOE_NON_FIN_PERS@DF_UOE_NF_PERS_CLS(1.0),,I,FIN,,ISCED11_2,,CLS,,FE,,_T,,_Z,,_Z,,A,,_Z,,_Z,,INST_EDU_PRIV_GOV,,_Z,,ST_CL,,_T,,_T,,2022,,20.65937,,,,,,,,,,A,,,,,,2,,,,0,
DATAFLOW,OECD.EDU.IMEP:DSD_EAG_UOE_NON_FIN_PERS@DF_UOE_NF_PERS_CLS(1.0),,I,FIN,,ISCED11_2,,CLS,,FE,,_T,,_Z,,_Z,,A,,_Z,,_Z,,INST_EDU,,_Z,,ST_CL,,_T,,_T,,2022,,19.40068,,,,,,,,,,A,,,,,,2,,,,0,
DATAFLOW,OECD.EDU.IMEP:DSD_EAG_UOE_NON_FIN_PERS@DF_UOE_NF_PERS_CLS(1.0),,I,FIN,,ISCED11_1,,CLS,,FE,,_T,,_Z,,_Z,,A,,_Z,,_Z,,INST_EDU,,_Z,,ST_CL,,_T,,_T,,2022,,18.69354,,,,,,,,,,A,,,,,,2,,,,0,
DATAFLOW,OECD.EDU.IMEP:DSD_EAG_UOE_NON_FIN_PERS@DF_UOE_NF_PERS_CLS(1.0),,I,FIN,,ISCED11_1,,CLS,,FE,,_T,,_Z,,_Z,,A,,_Z,,_Z,,INST_EDU_PUB,,_Z,,ST_CL,,_T,,_T,,2022,,18.70796,,,,,,,,,,A,,,,,,2,,,,0,
DATAFLOW,OECD.EDU.IMEP:DSD_EAG_UOE_NON_FIN_PERS@DF_UOE_NF_PERS_CLS(1.0),,I,FIN,,ISCED11_2,,CLS,,FE,,_T,,_Z,,_Z,,A,,_Z,,_Z,,INST_EDU_PUB,,_Z,,ST_CL,,_T,,_T,,2022,,19.34143,,,,,,,,,,A,,,,,,2,,,,0,
DATAFLOW,OECD.EDU.IMEP:DSD_EAG_UOE_NON_FIN_PERS@DF_UOE_NF_PERS_CLS(1.0),,I,EST,,ISCED11_2,,CLS,,FE,,_T,,_Z,,_Z,,A,,_Z,,_Z,,INST_EDU_PRIV_GOV,,_Z,,ST_CL,,_T,,_T,,2022,,16.21428,,,,,,,,,,A,,,,,,2,,,,0,
DATAFLOW,OECD.EDU.IMEP:DSD_EAG_UOE_NON_FIN_PERS@DF_UOE_NF_PERS_CLS(1.0),,I,EST,,ISCED11_2,,CLS,,FE,,_T,,_Z,,_Z,,A,,_Z,,_Z,,INST_EDU_PRIV,,_Z,,ST_CL,,_T,,_T,,2022,,16.21428,,,,,,,,,,A,,,,,,2,,,,0,
DATAFLOW,OECD.EDU.IMEP:DSD_EAG_UOE_NON_FIN_PERS@DF_UOE_NF_PERS_CLS(1.0),,I,EST,,ISCED11_2,,CLS,,FE,,_T,,_Z,,_Z,,A,,_Z,,_Z,,INST_EDU_PUB,,_Z,,ST_CL,,_T,,_T,,2022,,19.32148,,,,,,,,,,A,,,,,,2,,,,0,
DATAFLOW,OECD.EDU.IMEP:DSD_EAG_UOE_NON_FIN_PERS@DF_UOE_NF_PERS_CLS(1.0),,I,EST,,ISCED11_1,,CLS,,FE,,_T,,_Z,,_Z,,A,,_Z,,_Z,,INST_EDU,,_Z,,ST_CL,,_T,,_T,,2022,,18.52173,,,,,,,,,,A,,,,,,2,,,,0,
DATAFLOW,OECD.EDU.IMEP:DSD_EAG_UOE_NON_FIN_PERS@DF_UOE_NF_PERS_CLS(1.0),,I,EST,,ISCED11_2,,CLS,,FE,,_T,,_Z,,_Z,,A,,_Z,,_Z,,INST_EDU,,_Z,,ST_CL,,_T,,_T,,2022,,19.08345,,,,,,,,,,A,,,,,,2,,,,0,
DATAFLOW,OECD.EDU.IMEP:DSD_EAG_UOE_NON_FIN_PERS@DF_UOE_NF_PERS_CLS(1.0),,I,EST,,ISCED11_1,,CLS,,FE,,_T,,_Z,,_Z,,A,,_Z,,_Z,,INST_EDU_PUB,,_Z,,ST_CL,,_T,,_T,,2022,,18.72454,,,,,,,,,,A,,,,,,2,,,,0,
DATAFLOW,OECD.EDU.IMEP:DSD_EAG_UOE_NON_FIN_PERS@DF_UOE_NF_PERS_CLS(1.0),,I,EST,,ISCED11_1,,CLS,,FE,,_T,,_Z,,_Z,,A,,_Z,,_Z,,INST_EDU_PRIV,,_Z,,ST_CL,,_T,,_T,,2022,,16.35492,,,,,,,,,,A,,,,,,2,,,,0,
DATAFLOW,OECD.EDU.IMEP:DSD_EAG_UOE_NON_FIN_PERS@DF_UOE_NF_PERS_CLS(1.0),,I,DNK,,ISCED11_1,,CLS,,FE,,_T,,_Z,,_Z,,A,,_Z,,_Z,,INST_EDU_PRIV,,_Z,,ST_CL,,_T,,_T,,2022,,17.06284,,,,,,,,,,A,,,,,,2,,,,0,
DATAFLOW,OECD.EDU.IMEP:DSD_EAG_UOE_NON_FIN_PERS@DF_UOE_NF_PERS_CLS(1.0),,I,DNK,,ISCED11_2,,CLS,,FE,,_T,,_Z,,_Z,,A,,_Z,,_Z,,INST_EDU_PRIV,,_Z,,ST_CL,,_T,,_T,,2022,,19.12974,,,,,,,,,,A,,,,,,2,,,,0,
DATAFLOW,OECD.EDU.IMEP:DSD_EAG_UOE_NON_FIN_PERS@DF_UOE_NF_PERS_CLS(1.0),,I,DNK,,ISCED11_2,,CLS,,FE,,_T,,_Z,,_Z,,A,,_Z,,_Z,,INST_EDU_PUB,,_Z,,ST_CL,,_T,,_T,,2022,,20.57712,,,,,,,,,,A,,,,,,2,,,,0,
DATAFLOW,OECD.EDU.IMEP:DSD_EAG_UOE_NON_FIN_PERS@DF_UOE_NF_PERS_CLS(1.0),,I,DNK,,ISCED11_2,,CLS,,FE,,_T,,_Z,,_Z,,A,,_Z,,_Z,,INST_EDU_PRIV_GOV,,_Z,,ST_CL,,_T,,_T,,2022,,19.12974,,,,,,,,,,A,,,,,,2,,,,0,
DATAFLOW,OECD.EDU.IMEP:DSD_EAG_UOE_NON_FIN_PERS@DF_UOE_NF_PERS_CLS(1.0),,I,DNK,,ISCED11_1,,CLS,,FE,,_T,,_Z,,_Z,,A,,_Z,,_Z,,INST_EDU_PUB,,_Z,,ST_CL,,_T,,_T,,2022,,20.10944,,,,,,,,,,A,,,,,,2,,,,0,
DATAFLOW,OECD.EDU.IMEP:DSD_EAG_UOE_NON_FIN_PERS@DF_UOE_NF_PERS_CLS(1.0),,I,DNK,,ISCED11_2,,CLS,,FE,,_T,,_Z,,_Z,,A,,_Z,,_Z,,INST_EDU,,_Z,,ST_CL,,_T,,_T,,2022,,20.14927,,,,,,,,,,A,,,,,,2,,,,0,
DATAFLOW,OECD.EDU.IMEP:DSD_EAG_UOE_NON_FIN_PERS@DF_UOE_NF_PERS_CLS(1.0),,I,DNK,,ISCED11_1,,CLS,,FE,,_T,,_Z,,_Z,,A,,_Z,,_Z,,INST_EDU_PRIV_GOV,,_Z,,ST_CL,,_T,,_T,,2022,,17.06284,,,,,,,,,,A,,,,,,2,,,,0,
DATAFLOW,OECD.EDU.IMEP:DSD_EAG_UOE_NON_FIN_PERS@DF_UOE_NF_PERS_CLS(1.0),,I,CZE,,ISCED11_2,,CLS,,FE,,_T,,_Z,,_Z,,A,,_Z,,_Z,,INST_EDU_PRIV_GOV,,_Z,,ST_CL,,_T,,_T,,2022,,14.94699,,,,,,,,,,A,,,,,,2,,,,0,
DATAFLOW,OECD.EDU.IMEP:DSD_EAG_UOE_NON_FIN_PERS@DF_UOE_NF_PERS_CLS(1.0),,I,CZE,,ISCED11_2,,CLS,,FE,,_T,,_Z,,_Z,,A,,_Z,,_Z,,INST_EDU_PRIV,,_Z,,ST_CL,,_T,,_T,,2022,,14.94699,,,,,,,,,,A,,,,,,2,,,,0,
DATAFLOW,OECD.EDU.IMEP:DSD_EAG_UOE_NON_FIN_PERS@DF_UOE_NF_PERS_CLS(1.0),,I,CZE,,ISCED11_1,,CLS,,FE,,_T,,_Z,,_Z,,A,,_Z,,_Z,,INST_EDU_PRIV_GOV,,_Z,,ST_CL,,_T,,_T,,2022,,14.6033,,,,,,,,,,A,,,,,,2,,,,0,
DATAFLOW,OECD.EDU.IMEP:DSD_EAG_UOE_NON_FIN_PERS@DF_UOE_NF_PERS_CLS(1.0),,I,CZE,,ISCED11_2,,CLS,,FE,,_T,,_Z,,_Z,,A,,_Z,,_Z,,INST_EDU,,_Z,,ST_CL,,_T,,_T,,2022,,21.68263,,,,,,,,,,A,,,,,,2,,,,0,
DATAFLOW,OECD.EDU.IMEP:DSD_EAG_UOE_NON_FIN_PERS@DF_UOE_NF_PERS_CLS(1.0),,I,CZE,,ISCED11_1,,CLS,,FE,,_T,,_Z,,_Z,,A,,_Z,,_Z,,INST_EDU_PUB,,_Z,,ST_CL,,_T,,_T,,2022,,19.68286,,,,,,,,,,A,,,,,,2,,,,0,
DATAFLOW,OECD.EDU.IMEP:DSD_EAG_UOE_NON_FIN_PERS@DF_UOE_NF_PERS_CLS(1.0),,I,CZE,,ISCED11_1,,CLS,,FE,,_T,,_Z,,_Z,,A,,_Z,,_Z,,INST_EDU,,_Z,,ST_CL,,_T,,_T,,2022,,19.44618,,,,,,,,,,A,,,,,,2,,,,0,
DATAFLOW,OECD.EDU.IMEP:DSD_EAG_UOE_NON_FIN_PERS@DF_UOE_NF_PERS_CLS(1.0),,I,CZE,,ISCED11_2,,CLS,,FE,,_T,,_Z,,_Z,,A,,_Z,,_Z,,INST_EDU_PUB,,_Z,,ST_CL,,_T,,_T,,2022,,22.06694,,,,,,,,,,A,,,,,,2,,,,0,
DATAFLOW,OECD.EDU.IMEP:DSD_EAG_UOE_NON_FIN_PERS@DF_UOE_NF_PERS_CLS(1.0),,I,CRI,,ISCED11_2,,CLS,,FE,,_T,,_Z,,_Z,,A,,_Z,,_Z,,INST_EDU_PRIV_GOV,,_Z,,ST_CL,,_T,,_T,,2022,,28.28572,,,,,,,,,,A,,,,,,2,,,,0,
DATAFLOW,OECD.EDU.IMEP:DSD_EAG_UOE_NON_FIN_PERS@DF_UOE_NF_PERS_CLS(1.0),,I,CRI,,ISCED11_1,,CLS,,FE,,_T,,_Z,,_Z,,A,,_Z,,_Z,,INST_EDU_PRIV_GOV,,_Z,,ST_CL,,_T,,_T,,2022,,22.17051,,,,,,,,,,A,,,,,,2,,,,0,
DATAFLOW,OECD.EDU.IMEP:DSD_EAG_UOE_NON_FIN_PERS@DF_UOE_NF_PERS_CLS(1.0),,I,CRI,,ISCED11_1,,CLS,,FE,,_T,,_Z,,_Z,,A,,_Z,,_Z,,INST_EDU_PRIV_IND,,_Z,,ST_CL,,_T,,_T,,2022,,15.35866,,,,,,,,,,A,,,,,,2,,,,0,
DATAFLOW,OECD.EDU.IMEP:DSD_EAG_UOE_NON_FIN_PERS@DF_UOE_NF_PERS_CLS(1.0),,I,CRI,,ISCED11_2,,CLS,,FE,,_T,,_Z,,_Z,,A,,_Z,,_Z,,INST_EDU_PRIV_IND,,_Z,,ST_CL,,_T,,_T,,2022,,17.21872,,,,,,,,,,A,,,,,,2,,,,0,
DATAFLOW,OECD.EDU.IMEP:DSD_EAG_UOE_NON_FIN_PERS@DF_UOE_NF_PERS_CLS(1.0),,I,CRI,,ISCED11_1,,CLS,,FE,,_T,,_Z,,_Z,,A,,_Z,,_Z,,INST_EDU,,_Z,,ST_CL,,_T,,_T,,2022,,15.19966,,,,,,,,,,A,,,,,,2,,,,0,
DATAFLOW,OECD.EDU.IMEP:DSD_EAG_UOE_NON_FIN_PERS@DF_UOE_NF_PERS_CLS(1.0),,I,CRI,,ISCED11_2,,CLS,,FE,,_T,,_Z,,_Z,,A,,_Z,,_Z,,INST_EDU_PUB,,_Z,,ST_CL,,_T,,_T,,2022,,31.52297,,,,,,,,,,A,,,,,,2,,,,0,
DATAFLOW,OECD.EDU.IMEP:DSD_EAG_UOE_NON_FIN_PERS@DF_UOE_NF_PERS_CLS(1.0),,I,CRI,,ISCED11_2,,CLS,,FE,,_T,,_Z,,_Z,,A,,_Z,,_Z,,INST_EDU,,_Z,,ST_CL,,_T,,_T,,2022,,29.89165,,,,,,,,,,A,,,,,,2,,,,0,
DATAFLOW,OECD.EDU.IMEP:DSD_EAG_UOE_NON_FIN_PERS@DF_UOE_NF_PERS_CLS(1.0),,I,CRI,,ISCED11_1,,CLS,,FE,,_T,,_Z,,_Z,,A,,_Z,,_Z,,INST_EDU_PUB,,_Z,,ST_CL,,_T,,_T,,2022,,15.13307,,,,,,,,,,A,,,,,,2,,,,0,
DATAFLOW,OECD.EDU.IMEP:DSD_EAG_UOE_NON_FIN_PERS@DF_UOE_NF_PERS_CLS(1.0),,I,AUS,,ISCED11_1,,CLS,,FE,,_T,,_Z,,_Z,,A,,_Z,,_Z,,INST_EDU_PRIV,,_Z,,ST_CL,,_T,,_T,,2022,,23.56257,,,,,,,,,,A,,,,,,2,,,,0,
DATAFLOW,OECD.EDU.IMEP:DSD_EAG_UOE_NON_FIN_PERS@DF_UOE_NF_PERS_CLS(1.0),,I,COL,,ISCED11_1,,CLS,,FE,,_T,,_Z,,_Z,,A,,_Z,,_Z,,INST_EDU_PRIV_IND,,_Z,,ST_CL,,_T,,_T,,2022,,17.21774,,,,,,,,,,A,,,,,,2,,,,0,
DATAFLOW,OECD.EDU.IMEP:DSD_EAG_UOE_NON_FIN_PERS@DF_UOE_NF_PERS_CLS(1.0),,I,LTU,,ISCED11_1,,CLS,,FE,,_T,,_Z,,_Z,,A,,_Z,,_Z,,INST_EDU_PUB,,_Z,,ST_CL,,_T,,_T,,2022,,18.15836,,,,,,,,,,A,,,,,,2,,,,0,
DATAFLOW,OECD.EDU.IMEP:DSD_EAG_UOE_NON_FIN_PERS@DF_UOE_NF_PERS_CLS(1.0),,I,LTU,,ISCED11_2,,CLS,,FE,,_T,,_Z,,_Z,,A,,_Z,,_Z,,INST_EDU_PUB,,_Z,,ST_CL,,_T,,_T,,2022,,20.62482,,,,,,,,,,A,,,,,,2,,,,0,
DATAFLOW,OECD.EDU.IMEP:DSD_EAG_UOE_NON_FIN_PERS@DF_UOE_NF_PERS_CLS(1.0),,I,LVA,,ISCED11_2,,CLS,,FE,,_T,,_Z,,_Z,,A,,_Z,,_Z,,INST_EDU_PRIV_IND,,_Z,,ST_CL,,_T,,_T,,2022,,23.65766,,,,,,,,,,A,,,,,,2,,,,0,
DATAFLOW,OECD.EDU.IMEP:DSD_EAG_UOE_NON_FIN_PERS@DF_UOE_NF_PERS_CLS(1.0),,I,LVA,,ISCED11_1,,CLS,,FE,,_T,,_Z,,_Z,,A,,_Z,,_Z,,INST_EDU_PRIV_IND,,_Z,,ST_CL,,_T,,_T,,2022,,13.2381,,,,,,,,,,A,,,,,,2,,,,0,
DATAFLOW,OECD.EDU.IMEP:DSD_EAG_UOE_NON_FIN_PERS@DF_UOE_NF_PERS_CLS(1.0),,I,LVA,,ISCED11_2,,CLS,,FE,,_T,,_Z,,_Z,,A,,_Z,,_Z,,INST_EDU,,_Z,,ST_CL,,_T,,_T,,2022,,17.57458,,,,,,,,,,A,,,,,,2,,,,0,
DATAFLOW,OECD.EDU.IMEP:DSD_EAG_UOE_NON_FIN_PERS@DF_UOE_NF_PERS_CLS(1.0),,I,LVA,,ISCED11_2,,CLS,,FE,,_T,,_Z,,_Z,,A,,_Z,,_Z,,INST_EDU_PRIV,,_Z,,ST_CL,,_T,,_T,,2022,,23.65766,,,,,,,,,,A,,,,,,2,,,,0,
DATAFLOW,OECD.EDU.IMEP:DSD_EAG_UOE_NON_FIN_PERS@DF_UOE_NF_PERS_CLS(1.0),,I,LVA,,ISCED11_1,,CLS,,FE,,_T,,_Z,,_Z,,A,,_Z,,_Z,,INST_EDU,,_Z,,ST_CL,,_T,,_T,,2022,,16.96171,,,,,,,,,,A,,,,,,2,,,,0,
DATAFLOW,OECD.EDU.IMEP:DSD_EAG_UOE_NON_FIN_PERS@DF_UOE_NF_PERS_CLS(1.0),,I,LVA,,ISCED11_2,,CLS,,FE,,_T,,_Z,,_Z,,A,,_Z,,_Z,,INST_EDU_PUB,,_Z,,ST_CL,,_T,,_T,,2022,,17.37994,,,,,,,,,,A,,,,,,2,,,,0,
DATAFLOW,OECD.EDU.IMEP:DSD_EAG_UOE_NON_FIN_PERS@DF_UOE_NF_PERS_CLS(1.0),,I,LVA,,ISCED11_1,,CLS,,FE,,_T,,_Z,,_Z,,A,,_Z,,_Z,,INST_EDU_PUB,,_Z,,ST_CL,,_T,,_T,,2022,,17.14948,,,,,,,,,,A,,,,,,2,,,,0,
DATAFLOW,OECD.EDU.IMEP:DSD_EAG_UOE_NON_FIN_PERS@DF_UOE_NF_PERS_CLS(1.0),,I,LVA,,ISCED11_1,,CLS,,FE,,_T,,_Z,,_Z,,A,,_Z,,_Z,,INST_EDU_PRIV,,_Z,,ST_CL,,_T,,_T,,2022,,13.2381,,,,,,,,,,A,,,,,,2,,,,0,
DATAFLOW,OECD.EDU.IMEP:DSD_EAG_UOE_NON_FIN_PERS@DF_UOE_NF_PERS_CLS(1.0),,I,KOR,,ISCED11_2,,CLS,,FE,,_T,,_Z,,_Z,,A,,_Z,,_Z,,INST_EDU_PRIV_GOV,,_Z,,ST_CL,,_T,,_T,,2022,,25.25536,,,,,,,,,,A,,,,,,2,,,,0,
DATAFLOW,OECD.EDU.IMEP:DSD_EAG_UOE_NON_FIN_PERS@DF_UOE_NF_PERS_CLS(1.0),,I,KOR,,ISCED11_1,,CLS,,FE,,_T,,_Z,,_Z,,A,,_Z,,_Z,,INST_EDU_PRIV_IND,,_Z,,ST_CL,,_T,,_T,,2022,,27.5816,,,,,,,,,,A,,,,,,2,,,,0,
DATAFLOW,OECD.EDU.IMEP:DSD_EAG_UOE_NON_FIN_PERS@DF_UOE_NF_PERS_CLS(1.0),,I,KOR,,ISCED11_2,,CLS,,FE,,_T,,_Z,,_Z,,A,,_Z,,_Z,,INST_EDU,,_Z,,ST_CL,,_T,,_T,,2022,,26.01718,,,,,,,,,,A,,,,,,2,,,,0,
DATAFLOW,OECD.EDU.IMEP:DSD_EAG_UOE_NON_FIN_PERS@DF_UOE_NF_PERS_CLS(1.0),,I,KOR,,ISCED11_2,,CLS,,FE,,_T,,_Z,,_Z,,A,,_Z,,_Z,,INST_EDU_PRIV,,_Z,,ST_CL,,_T,,_T,,2022,,25.25536,,,,,,,,,,A,,,,,,2,,,,0,
DATAFLOW,OECD.EDU.IMEP:DSD_EAG_UOE_NON_FIN_PERS@DF_UOE_NF_PERS_CLS(1.0),,I,KOR,,ISCED11_1,,CLS,,FE,,_T,,_Z,,_Z,,A,,_Z,,_Z,,INST_EDU,,_Z,,ST_CL,,_T,,_T,,2022,,21.97432,,,,,,,,,,A,,,,,,2,,,,0,
DATAFLOW,OECD.EDU.IMEP:DSD_EAG_UOE_NON_FIN_PERS@DF_UOE_NF_PERS_CLS(1.0),,I,KOR,,ISCED11_1,,CLS,,FE,,_T,,_Z,,_Z,,A,,_Z,,_Z,,INST_EDU_PUB,,_Z,,ST_CL,,_T,,_T,,2022,,21.90586,,,,,,,,,,A,,,,,,2,,,,0,
DATAFLOW,OECD.EDU.IMEP:DSD_EAG_UOE_NON_FIN_PERS@DF_UOE_NF_PERS_CLS(1.0),,I,KOR,,ISCED11_2,,CLS,,FE,,_T,,_Z,,_Z,,A,,_Z,,_Z,,INST_EDU_PUB,,_Z,,ST_CL,,_T,,_T,,2022,,26.17321,,,,,,,,,,A,,,,,,2,,,,0,
DATAFLOW,OECD.EDU.IMEP:DSD_EAG_UOE_NON_FIN_PERS@DF_UOE_NF_PERS_CLS(1.0),,I,KOR,,ISCED11_1,,CLS,,FE,,_T,,_Z,,_Z,,A,,_Z,,_Z,,INST_EDU_PRIV,,_Z,,ST_CL,,_T,,_T,,2022,,27.5816,,,,,,,,,,A,,,,,,2,,,,0,
DATAFLOW,OECD.EDU.IMEP:DSD_EAG_UOE_NON_FIN_PERS@DF_UOE_NF_PERS_CLS(1.0),,I,JPN,,ISCED11_2,,CLS,,FE,,_T,,_Z,,_Z,,A,,_Z,,_Z,,INST_EDU_PRIV_IND,,_Z,,ST_CL,,_T,,_T,,2022,,33.14054,,,,,,,,,,A,,,,,,2,,,,0,
DATAFLOW,OECD.EDU.IMEP:DSD_EAG_UOE_NON_FIN_PERS@DF_UOE_NF_PERS_CLS(1.0),,I,JPN,,ISCED11_1,,CLS,,FE,,_T,,_Z,,_Z,,A,,_Z,,_Z,,INST_EDU_PRIV_IND,,_Z,,ST_CL,,_T,,_T,,2022,,28.1594,,,,,,,,,,A,,,,,,2,,,,0,
DATAFLOW,OECD.EDU.IMEP:DSD_EAG_UOE_NON_FIN_PERS@DF_UOE_NF_PERS_CLS(1.0),,I,JPN,,ISCED11_1,,CLS,,FE,,_T,,_Z,,_Z,,A,,_Z,,_Z,,INST_EDU_PRIV,,_Z,,ST_CL,,_T,,_T,,2022,,28.1594,,,,,,,,,,A,,,,,,2,,,,0,
DATAFLOW,OECD.EDU.IMEP:DSD_EAG_UOE_NON_FIN_PERS@DF_UOE_NF_PERS_CLS(1.0),,I,JPN,,ISCED11_1,,CLS,,FE,,_T,,_Z,,_Z,,A,,_Z,,_Z,,INST_EDU,,_Z,,ST_CL,,_T,,_T,,2022,,26.9803,,,,,,,,,,A,,,,,,2,,,,0,
DATAFLOW,OECD.EDU.IMEP:DSD_EAG_UOE_NON_FIN_PERS@DF_UOE_NF_PERS_CLS(1.0),,I,JPN,,ISCED11_2,,CLS,,FE,,_T,,_Z,,_Z,,A,,_Z,,_Z,,INST_EDU,,_Z,,ST_CL,,_T,,_T,,2022,,31.86938,,,,,,,,,,A,,,,,,2,,,,0,
DATAFLOW,OECD.EDU.IMEP:DSD_EAG_UOE_NON_FIN_PERS@DF_UOE_NF_PERS_CLS(1.0),,I,JPN,,ISCED11_2,,CLS,,FE,,_T,,_Z,,_Z,,A,,_Z,,_Z,,INST_EDU_PUB,,_Z,,ST_CL,,_T,,_T,,2022,,31.76565,,,,,,,,,,A,,,,,,2,,,,0,
DATAFLOW,OECD.EDU.IMEP:DSD_EAG_UOE_NON_FIN_PERS@DF_UOE_NF_PERS_CLS(1.0),,I,JPN,,ISCED11_1,,CLS,,FE,,_T,,_Z,,_Z,,A,,_Z,,_Z,,INST_EDU_PUB,,_Z,,ST_CL,,_T,,_T,,2022,,26.96521,,,,,,,,,,A,,,,,,2,,,,0,
DATAFLOW,OECD.EDU.IMEP:DSD_EAG_UOE_NON_FIN_PERS@DF_UOE_NF_PERS_CLS(1.0),,I,ITA,,ISCED11_1,,CLS,,FE,,_T,,_Z,,_Z,,A,,_Z,,_Z,,INST_EDU_PRIV_IND,,_Z,,ST_CL,,_T,,_T,,2022,,18.20277,,,,,,,,,,A,,,,,,2,,,,0,
DATAFLOW,OECD.EDU.IMEP:DSD_EAG_UOE_NON_FIN_PERS@DF_UOE_NF_PERS_CLS(1.0),,I,ITA,,ISCED11_2,,CLS,,FE,,_T,,_Z,,_Z,,A,,_Z,,_Z,,INST_EDU_PRIV_IND,,_Z,,ST_CL,,_T,,_T,,2022,,20.80551,,,,,,,,,,A,,,,,,2,,,,0,
DATAFLOW,OECD.EDU.IMEP:DSD_EAG_UOE_NON_FIN_PERS@DF_UOE_NF_PERS_CLS(1.0),,I,ITA,,ISCED11_1,,CLS,,FE,,_T,,_Z,,_Z,,A,,_Z,,_Z,,INST_EDU,,_Z,,ST_CL,,_T,,_T,,2022,,17.97887,,,,,,,,,,A,,,,,,2,,,,0,
DATAFLOW,OECD.EDU.IMEP:DSD_EAG_UOE_NON_FIN_PERS@DF_UOE_NF_PERS_CLS(1.0),,I,ITA,,ISCED11_2,,CLS,,FE,,_T,,_Z,,_Z,,A,,_Z,,_Z,,INST_EDU,,_Z,,ST_CL,,_T,,_T,,2022,,20.18358,,,,,,,,,,A,,,,,,2,,,,0,
DATAFLOW,OECD.EDU.IMEP:DSD_EAG_UOE_NON_FIN_PERS@DF_UOE_NF_PERS_CLS(1.0),,I,ITA,,ISCED11_2,,CLS,,FE,,_T,,_Z,,_Z,,A,,_Z,,_Z,,INST_EDU_PUB,,_Z,,ST_CL,,_T,,_T,,2022,,20.15801,,,,,,,,,,A,,,,,,2,,,,0,
DATAFLOW,OECD.EDU.IMEP:DSD_EAG_UOE_NON_FIN_PERS@DF_UOE_NF_PERS_CLS(1.0),,I,ITA,,ISCED11_1,,CLS,,FE,,_T,,_Z,,_Z,,A,,_Z,,_Z,,INST_EDU_PUB,,_Z,,ST_CL,,_T,,_T,,2022,,17.96377,,,,,,,,,,A,,,,,,2,,,,0,
DATAFLOW,OECD.EDU.IMEP:DSD_EAG_UOE_NON_FIN_PERS@DF_UOE_NF_PERS_CLS(1.0),,I,ITA,,ISCED11_2,,CLS,,FE,,_T,,_Z,,_Z,,A,,_Z,,_Z,,INST_EDU_PRIV,,_Z,,ST_CL,,_T,,_T,,2022,,20.80551,,,,,,,,,,A,,,,,,2,,,,0,
DATAFLOW,OECD.EDU.IMEP:DSD_EAG_UOE_NON_FIN_PERS@DF_UOE_NF_PERS_CLS(1.0),,I,ITA,,ISCED11_1,,CLS,,FE,,_T,,_Z,,_Z,,A,,_Z,,_Z,,INST_EDU_PRIV,,_Z,,ST_CL,,_T,,_T,,2022,,18.20277,,,,,,,,,,A,,,,,,2,,,,0,
DATAFLOW,OECD.EDU.IMEP:DSD_EAG_UOE_NON_FIN_PERS@DF_UOE_NF_PERS_CLS(1.0),,I,ISR,,ISCED11_1,,CLS,,FE,,_T,,_Z,,_Z,,A,,_Z,,_Z,,INST_EDU_PRIV_GOV,,_Z,,ST_CL,,_T,,_T,,2022,,25.16173,,,,,,,,,,A,,,,,,2,,,,0,
DATAFLOW,OECD.EDU.IMEP:DSD_EAG_UOE_NON_FIN_PERS@DF_UOE_NF_PERS_CLS(1.0),,I,ISR,,ISCED11_2,,CLS,,FE,,_T,,_Z,,_Z,,A,,_Z,,_Z,,INST_EDU_PRIV_GOV,,_Z,,ST_CL,,_T,,_T,,2022,,24.48054,,,,,,,,,,A,,,,,,2,,,,0,
DATAFLOW,OECD.EDU.IMEP:DSD_EAG_UOE_NON_FIN_PERS@DF_UOE_NF_PERS_CLS(1.0),,I,ISR,,ISCED11_2,,CLS,,FE,,_T,,_Z,,_Z,,A,,_Z,,_Z,,INST_EDU_PUB,,_Z,,ST_CL,,_T,,_T,,2022,,29.25977,,,,,,,,,,A,,,,,,2,,,,0,
DATAFLOW,OECD.EDU.IMEP:DSD_EAG_UOE_NON_FIN_PERS@DF_UOE_NF_PERS_CLS(1.0),,I,ISR,,ISCED11_1,,CLS,,FE,,_T,,_Z,,_Z,,A,,_Z,,_Z,,INST_EDU,,_Z,,ST_CL,,_T,,_T,,2022,,26.09266,,,,,,,,,,A,,,,,,2,,,,0,
DATAFLOW,OECD.EDU.IMEP:DSD_EAG_UOE_NON_FIN_PERS@DF_UOE_NF_PERS_CLS(1.0),,I,ISR,,ISCED11_2,,CLS,,FE,,_T,,_Z,,_Z,,A,,_Z,,_Z,,INST_EDU,,_Z,,ST_CL,,_T,,_T,,2022,,28.26963,,,,,,,,,,A,,,,,,2,,,,0,
DATAFLOW,OECD.EDU.IMEP:DSD_EAG_UOE_NON_FIN_PERS@DF_UOE_NF_PERS_CLS(1.0),,I,ISR,,ISCED11_1,,CLS,,FE,,_T,,_Z,,_Z,,A,,_Z,,_Z,,INST_EDU_PUB,,_Z,,ST_CL,,_T,,_T,,2022,,26.40609,,,,,,,,,,A,,,,,,2,,,,0,
DATAFLOW,OECD.EDU.IMEP:DSD_EAG_UOE_NON_FIN_PERS@DF_UOE_NF_PERS_CLS(1.0),,I,ISR,,ISCED11_2,,CLS,,FE,,_T,,_Z,,_Z,,A,,_Z,,_Z,,INST_EDU_PRIV,,_Z,,ST_CL,,_T,,_T,,2022,,24.48054,,,,,,,,,,A,,,,,,2,,,,0,
DATAFLOW,OECD.EDU.IMEP:DSD_EAG_UOE_NON_FIN_PERS@DF_UOE_NF_PERS_CLS(1.0),,I,IRL,,ISCED11_1,,CLS,,FE,,_T,,_Z,,_Z,,A,,_Z,,_Z,,INST_EDU_PUB,,_Z,,ST_CL,,_T,,_T,,2022,,22.79679,,,,,,,,,,A,,,,,,2,,,,0,
DATAFLOW,OECD.EDU.IMEP:DSD_EAG_UOE_NON_FIN_PERS@DF_UOE_NF_PERS_CLS(1.0),,I,ISL,,ISCED11_1,,CLS,,FE,,_T,,_Z,,_Z,,A,,_Z,,_Z,,INST_EDU_PRIV_GOV,,_Z,,ST_CL,,_T,,_T,,2022,,14.95775,,,,,,,,,,A,,,,,,2,,,,0,
DATAFLOW,OECD.EDU.IMEP:DSD_EAG_UOE_NON_FIN_PERS@DF_UOE_NF_PERS_CLS(1.0),,I,ISL,,ISCED11_1,,CLS,,FE,,_T,,_Z,,_Z,,A,,_Z,,_Z,,INST_EDU,,_Z,,ST_CL,,_T,,_T,,2022,,18.4263,,,,,,,,,,A,,,,,,2,,,,0,
DATAFLOW,OECD.EDU.IMEP:DSD_EAG_UOE_NON_FIN_PERS@DF_UOE_NF_PERS_CLS(1.0),,I,ISL,,ISCED11_2,,CLS,,FE,,_T,,_Z,,_Z,,A,,_Z,,_Z,,INST_EDU,,_Z,,ST_CL,,_T,,_T,,2022,,20.09143,,,,,,,,,,A,,,,,,2,,,,0,
DATAFLOW,OECD.EDU.IMEP:DSD_EAG_UOE_NON_FIN_PERS@DF_UOE_NF_PERS_CLS(1.0),,I,ISL,,ISCED11_2,,CLS,,FE,,_T,,_Z,,_Z,,A,,_Z,,_Z,,INST_EDU_PRIV,,_Z,,ST_CL,,_T,,_T,,2022,,15.13043,,,,,,,,,,A,,,,,,2,,,,0,
DATAFLOW,OECD.EDU.IMEP:DSD_EAG_UOE_NON_FIN_PERS@DF_UOE_NF_PERS_CLS(1.0),,I,ISL,,ISCED11_1,,CLS,,FE,,_T,,_Z,,_Z,,A,,_Z,,_Z,,INST_EDU_PUB,,_Z,,ST_CL,,_T,,_T,,2022,,18.57177,,,,,,,,,,A,,,,,,2,,,,0,
DATAFLOW,OECD.EDU.IMEP:DSD_EAG_UOE_NON_FIN_PERS@DF_UOE_NF_PERS_CLS(1.0),,I,ISL,,ISCED11_2,,CLS,,FE,,_T,,_Z,,_Z,,A,,_Z,,_Z,,INST_EDU_PUB,,_Z,,ST_CL,,_T,,_T,,2022,,20.25997,,,,,,,,,,A,,,,,,2,,,,0,
DATAFLOW,OECD.EDU.IMEP:DSD_EAG_UOE_NON_FIN_PERS@DF_UOE_NF_PERS_CLS(1.0),,I,ISL,,ISCED11_1,,CLS,,FE,,_T,,_Z,,_Z,,A,,_Z,,_Z,,INST_EDU_PRIV,,_Z,,ST_CL,,_T,,_T,,2022,,14.95775,,,,,,,,,,A,,,,,,2,,,,0,
DATAFLOW,OECD.EDU.IMEP:DSD_EAG_UOE_NON_FIN_PERS@DF_UOE_NF_PERS_CLS(1.0),,I,HUN,,ISCED11_2,,CLS,,FE,,_T,,_Z,,_Z,,A,,_Z,,_Z,,INST_EDU_PRIV_IND,,_Z,,ST_CL,,_T,,_T,,2022,,18.5023,,,,,,,,,,A,,,,,,2,,,,0,
DATAFLOW,OECD.EDU.IMEP:DSD_EAG_UOE_NON_FIN_PERS@DF_UOE_NF_PERS_CLS(1.0),,I,HUN,,ISCED11_2,,CLS,,FE,,_T,,_Z,,_Z,,A,,_Z,,_Z,,INST_EDU_PRIV,,_Z,,ST_CL,,_T,,_T,,2022,,20.56206,,,,,,,,,,A,,,,,,2,,,,0,
DATAFLOW,OECD.EDU.IMEP:DSD_EAG_UOE_NON_FIN_PERS@DF_UOE_NF_PERS_CLS(1.0),,I,HUN,,ISCED11_1,,CLS,,FE,,_T,,_Z,,_Z,,A,,_Z,,_Z,,INST_EDU_PUB,,_Z,,ST_CL,,_T,,_T,,2022,,22.46985,,,,,,,,,,A,,,,,,2,,,,0,
DATAFLOW,OECD.EDU.IMEP:DSD_EAG_UOE_NON_FIN_PERS@DF_UOE_NF_PERS_CLS(1.0),,I,HUN,,ISCED11_2,,CLS,,FE,,_T,,_Z,,_Z,,A,,_Z,,_Z,,INST_EDU_PUB,,_Z,,ST_CL,,_T,,_T,,2022,,20.52745,,,,,,,,,,A,,,,,,2,,,,0,
DATAFLOW,OECD.EDU.IMEP:DSD_EAG_UOE_NON_FIN_PERS@DF_UOE_NF_PERS_CLS(1.0),,I,HUN,,ISCED11_1,,CLS,,FE,,_T,,_Z,,_Z,,A,,_Z,,_Z,,INST_EDU,,_Z,,ST_CL,,_T,,_T,,2022,,21.97956,,,,,,,,,,A,,,,,,2,,,,0,
DATAFLOW,OECD.EDU.IMEP:DSD_EAG_UOE_NON_FIN_PERS@DF_UOE_NF_PERS_CLS(1.0),,I,HUN,,ISCED11_2,,CLS,,FE,,_T,,_Z,,_Z,,A,,_Z,,_Z,,INST_EDU,,_Z,,ST_CL,,_T,,_T,,2022,,20.53514,,,,,,,,,,A,,,,,,2,,,,0,
DATAFLOW,OECD.EDU.IMEP:DSD_EAG_UOE_NON_FIN_PERS@DF_UOE_NF_PERS_CLS(1.0),,I,HUN,,ISCED11_1,,CLS,,FE,,_T,,_Z,,_Z,,A,,_Z,,_Z,,INST_EDU_PRIV,,_Z,,ST_CL,,_T,,_T,,2022,,20.29384,,,,,,,,,,A,,,,,,2,,,,0,
DATAFLOW,OECD.EDU.IMEP:DSD_EAG_UOE_NON_FIN_PERS@DF_UOE_NF_PERS_CLS(1.0),,I,HUN,,ISCED11_1,,CLS,,FE,,_T,,_Z,,_Z,,A,,_Z,,_Z,,INST_EDU_PRIV_GOV,,_Z,,ST_CL,,_T,,_T,,2022,,21.13392,,,,,,,,,,A,,,,,,2,,,,0,
DATAFLOW,OECD.EDU.IMEP:DSD_EAG_UOE_NON_FIN_PERS@DF_UOE_NF_PERS_CLS(1.0),,I,HUN,,ISCED11_2,,CLS,,FE,,_T,,_Z,,_Z,,A,,_Z,,_Z,,INST_EDU_PRIV_GOV,,_Z,,ST_CL,,_T,,_T,,2022,,21.14253,,,,,,,,,,A,,,,,,2,,,,0,
DATAFLOW,OECD.EDU.IMEP:DSD_EAG_UOE_NON_FIN_PERS@DF_UOE_NF_PERS_CLS(1.0),,I,GRC,,ISCED11_2,,CLS,,FE,,_T,,_Z,,_Z,,A,,_Z,,_Z,,INST_EDU_PRIV_IND,,_Z,,ST_CL,,_T,,_T,,2022,,23.70047,,,,,,,,,,A,,,,,,2,,,,0,
DATAFLOW,OECD.EDU.IMEP:DSD_EAG_UOE_NON_FIN_PERS@DF_UOE_NF_PERS_CLS(1.0),,I,GRC,,ISCED11_1,,CLS,,FE,,_T,,_Z,,_Z,,A,,_Z,,_Z,,INST_EDU_PRIV_IND,,_Z,,ST_CL,,_T,,_T,,2022,,20.99948,,,,,,,,,,A,,,,,,2,,,,0,
DATAFLOW,OECD.EDU.IMEP:DSD_EAG_UOE_NON_FIN_PERS@DF_UOE_NF_PERS_CLS(1.0),,I,GRC,,ISCED11_2,,CLS,,FE,,_T,,_Z,,_Z,,A,,_Z,,_Z,,INST_EDU,,_Z,,ST_CL,,_T,,_T,,2022,,21.40737,,,,,,,,,,A,,,,,,2,,,,0,
DATAFLOW,OECD.EDU.IMEP:DSD_EAG_UOE_NON_FIN_PERS@DF_UOE_NF_PERS_CLS(1.0),,I,GRC,,ISCED11_1,,CLS,,FE,,_T,,_Z,,_Z,,A,,_Z,,_Z,,INST_EDU_PRIV,,_Z,,ST_CL,,_T,,_T,,2022,,20.99948,,,,,,,,,,A,,,,,,2,,,,0,
DATAFLOW,OECD.EDU.IMEP:DSD_EAG_UOE_NON_FIN_PERS@DF_UOE_NF_PERS_CLS(1.0),,I,GRC,,ISCED11_2,,CLS,,FE,,_T,,_Z,,_Z,,A,,_Z,,_Z,,INST_EDU_PRIV,,_Z,,ST_CL,,_T,,_T,,2022,,23.70047,,,,,,,,,,A,,,,,,2,,,,0,
DATAFLOW,OECD.EDU.IMEP:DSD_EAG_UOE_NON_FIN_PERS@DF_UOE_NF_PERS_CLS(1.0),,I,GRC,,ISCED11_1,,CLS,,FE,,_T,,_Z,,_Z,,A,,_Z,,_Z,,INST_EDU,,_Z,,ST_CL,,_T,,_T,,2022,,16.97471,,,,,,,,,,A,,,,,,2,,,,0,
DATAFLOW,OECD.EDU.IMEP:DSD_EAG_UOE_NON_FIN_PERS@DF_UOE_NF_PERS_CLS(1.0),,I,GRC,,ISCED11_2,,CLS,,FE,,_T,,_Z,,_Z,,A,,_Z,,_Z,,INST_EDU_PUB,,_Z,,ST_CL,,_T,,_T,,2022,,21.27564,,,,,,,,,,A,,,,,,2,,,,0,
DATAFLOW,OECD.EDU.IMEP:DSD_EAG_UOE_NON_FIN_PERS@DF_UOE_NF_PERS_CLS(1.0),,I,GRC,,ISCED11_1,,CLS,,FE,,_T,,_Z,,_Z,,A,,_Z,,_Z,,INST_EDU_PUB,,_Z,,ST_CL,,_T,,_T,,2022,,16.73487,,,,,,,,,,A,,,,,,2,,,,0,
DATAFLOW,OECD.EDU.IMEP:DSD_EAG_UOE_NON_FIN_PERS@DF_UOE_NF_PERS_CLS(1.0),,I,DEU,,ISCED11_2,,CLS,,FE,,_T,,_Z,,_Z,,A,,_Z,,_Z,,INST_EDU,,_Z,,ST_CL,,_T,,_T,,2022,,23.23206,,,,,,,,,,A,,,,,,2,,,,0,
DATAFLOW,OECD.EDU.IMEP:DSD_EAG_UOE_NON_FIN_PERS@DF_UOE_NF_PERS_CLS(1.0),,I,DEU,,ISCED11_1,,CLS,,FE,,_T,,_Z,,_Z,,A,,_Z,,_Z,,INST_EDU_PRIV,,_Z,,ST_CL,,_T,,_T,,2022,,19.69841,,,,,,,,,,A,,,,,,2,,,,0,
DATAFLOW,OECD.EDU.IMEP:DSD_EAG_UOE_NON_FIN_PERS@DF_UOE_NF_PERS_CLS(1.0),,I,DEU,,ISCED11_2,,CLS,,FE,,_T,,_Z,,_Z,,A,,_Z,,_Z,,INST_EDU_PRIV,,_Z,,ST_CL,,_T,,_T,,2022,,21.90244,,,,,,,,,,A,,,,,,2,,,,0,
DATAFLOW,OECD.EDU.IMEP:DSD_EAG_UOE_NON_FIN_PERS@DF_UOE_NF_PERS_CLS(1.0),,I,DEU,,ISCED11_1,,CLS,,FE,,_T,,_Z,,_Z,,A,,_Z,,_Z,,INST_EDU,,_Z,,ST_CL,,_T,,_T,,2022,,20.59277,,,,,,,,,,A,,,,,,2,,,,0,
DATAFLOW,OECD.EDU.IMEP:DSD_EAG_UOE_NON_FIN_PERS@DF_UOE_NF_PERS_CLS(1.0),,I,DEU,,ISCED11_1,,CLS,,FE,,_T,,_Z,,_Z,,A,,_Z,,_Z,,INST_EDU_PUB,,_Z,,ST_CL,,_T,,_T,,2022,,20.63781,,,,,,,,,,A,,,,,,2,,,,0,
DATAFLOW,OECD.EDU.IMEP:DSD_EAG_UOE_NON_FIN_PERS@DF_UOE_NF_PERS_CLS(1.0),,I,DEU,,ISCED11_2,,CLS,,FE,,_T,,_Z,,_Z,,A,,_Z,,_Z,,INST_EDU_PUB,,_Z,,ST_CL,,_T,,_T,,2022,,23.39774,,,,,,,,,,A,,,,,,2,,,,0,
DATAFLOW,OECD.EDU.IMEP:DSD_EAG_UOE_NON_FIN_PERS@DF_UOE_NF_PERS_CLS(1.0),,I,FRA,,ISCED11_2,,CLS,,FE,,_T,,_Z,,_Z,,A,,_Z,,_Z,,INST_EDU_PRIV_GOV,,_Z,,ST_CL,,_T,,_T,,2022,,27.38369,,,,,,,,,,A,,,,,,2,,,,0,
DATAFLOW,OECD.EDU.IMEP:DSD_EAG_UOE_NON_FIN_PERS@DF_UOE_NF_PERS_CLS(1.0),,I,FRA,,ISCED11_2,,CLS,,FE,,_T,,_Z,,_Z,,A,,_Z,,_Z,,INST_EDU_PRIV_IND,,_Z,,ST_CL,,_T,,_T,,2022,,12.80462,,,,,,,,,,A,,,,,,2,,,,0,
DATAFLOW,OECD.EDU.IMEP:DSD_EAG_UOE_NON_FIN_PERS@DF_UOE_NF_PERS_CLS(1.0),,I,FRA,,ISCED11_2,,CLS,,FE,,_T,,_Z,,_Z,,A,,_Z,,_Z,,INST_EDU_PUB,,_Z,,ST_CL,,_T,,_T,,2022,,25.32613,,,,,,,,,,A,,,,,,2,,,,0,
DATAFLOW,OECD.EDU.IMEP:DSD_EAG_UOE_NON_FIN_PERS@DF_UOE_NF_PERS_CLS(1.0),,I,AUT,,ISCED11_2,,CLS,,FE,,_T,,_Z,,_Z,,A,,_Z,,_Z,,INST_EDU_PRIV,,_Z,,ST_CL,,_T,,_T,,2022,,20.89273,,,,,,,,,,A,,,,,,2,,,,0,
DATAFLOW,OECD.EDU.IMEP:DSD_EAG_UOE_NON_FIN_PERS@DF_UOE_NF_PERS_CLS(1.0),,I,FIN,,ISCED11_1,,CLS,,FE,,_T,,_Z,,_Z,,A,,_Z,,_Z,,INST_EDU_PRIV,,_Z,,ST_CL,,_T,,_T,,2022,,17.9375,,,,,,,,,,A,,,,,,2,,,,0,
DATAFLOW,OECD.EDU.IMEP:DSD_EAG_UOE_NON_FIN_PERS@DF_UOE_NF_PERS_CLS(1.0),,I,FRA,,ISCED11_1,,CLS,,FE,,_T,,_Z,,_Z,,A,,_Z,,_Z,,INST_EDU,,_Z,,ST_CL,,_T,,_T,,2022,,21.67133,,,,,,,,,,A,,,,,,2,,,,0,
DATAFLOW,OECD.EDU.IMEP:DSD_EAG_UOE_NON_FIN_PERS@DF_UOE_NF_PERS_CLS(1.0),,I,FRA,,ISCED11_1,,CLS,,FE,,_T,,_Z,,_Z,,A,,_Z,,_Z,,INST_EDU_PUB,,_Z,,ST_CL,,_T,,_T,,2022,,21.26019,,,,,,,,,,A,,,,,,2,,,,0,
DATAFLOW,OECD.EDU.IMEP:DSD_EAG_UOE_NON_FIN_PERS@DF_UOE_NF_PERS_CLS(1.0),,I,FRA,,ISCED11_2,,CLS,,FE,,_T,,_Z,,_Z,,A,,_Z,,_Z,,INST_EDU_PRIV,,_Z,,ST_CL,,_T,,_T,,2022,,26.73842,,,,,,,,,,A,,,,,,2,,,,0,
DATAFLOW,OECD.EDU.IMEP:DSD_EAG_UOE_NON_FIN_PERS@DF_UOE_NF_PERS_CLS(1.0),,I,GBR,,ISCED11_2,,CLS,,FE,,_T,,_Z,,_Z,,A,,_Z,,_Z,,INST_EDU,,_Z,,ST_CL,,_T,,_T,,2022,,23.68297,,,,,,,,,,A,,,,,,2,,,,0,
DATAFLOW,OECD.EDU.IMEP:DSD_EAG_UOE_NON_FIN_PERS@DF_UOE_NF_PERS_CLS(1.0),,I,GBR,,ISCED11_2,,CLS,,FE,,_T,,_Z,,_Z,,A,,_Z,,_Z,,INST_EDU_PRIV_GOV,,_Z,,ST_CL,,_T,,_T,,2022,,25.5408,,,,,,,,,,A,,,,,,2,,,,0,
DATAFLOW,OECD.EDU.IMEP:DSD_EAG_UOE_NON_FIN_PERS@DF_UOE_NF_PERS_CLS(1.0),,I,GBR,,ISCED11_2,,CLS,,FE,,_T,,_Z,,_Z,,A,,_Z,,_Z,,INST_EDU_PRIV,,_Z,,ST_CL,,_T,,_T,,2022,,23.23014,,,,,,,,,,A,,,,,,2,,,,0,
DATAFLOW,OECD.EDU.IMEP:DSD_EAG_UOE_NON_FIN_PERS@DF_UOE_NF_PERS_CLS(1.0),,I,GBR,,ISCED11_1,,CLS,,FE,,_T,,_Z,,_Z,,A,,_Z,,_Z,,INST_EDU,,_Z,,ST_CL,,_T,,_T,,2022,,25.83544,,,,,,,,,,A,,,,,,2,,,,0,
DATAFLOW,OECD.EDU.IMEP:DSD_EAG_UOE_NON_FIN_PERS@DF_UOE_NF_PERS_CLS(1.0),,I,GBR,,ISCED11_2,,CLS,,FE,,_T,,_Z,,_Z,,A,,_Z,,_Z,,INST_EDU_PUB,,_Z,,ST_CL,,_T,,_T,,2022,,24.74307,,,,,,,,,,A,,,,,,2,,,,0,
DATAFLOW,OECD.EDU.IMEP:DSD_EAG_UOE_NON_FIN_PERS@DF_UOE_NF_PERS_CLS(1.0),,I,GBR,,ISCED11_1,,CLS,,FE,,_T,,_Z,,_Z,,A,,_Z,,_Z,,INST_EDU_PRIV,,_Z,,ST_CL,,_T,,_T,,2022,,24.42466,,,,,,,,,,A,,,,,,2,,,,0,
DATAFLOW,OECD.EDU.IMEP:DSD_EAG_UOE_NON_FIN_PERS@DF_UOE_NF_PERS_CLS(1.0),,I,TUR,,ISCED11_1,,CLS,,FE,,_T,,_Z,,_Z,,A,,_Z,,_Z,,INST_EDU_PRIV_IND,,_Z,,ST_CL,,_T,,_T,,2022,,18.42149,,,,,,,,,,A,,,,,,2,,,,0,
DATAFLOW,OECD.EDU.IMEP:DSD_EAG_UOE_NON_FIN_PERS@DF_UOE_NF_PERS_CLS(1.0),,I,TUR,,ISCED11_2,,CLS,,FE,,_T,,_Z,,_Z,,A,,_Z,,_Z,,INST_EDU_PRIV_IND,,_Z,,ST_CL,,_T,,_T,,2022,,17.29673,,,,,,,,,,A,,,,,,2,,,,0,
DATAFLOW,OECD.EDU.IMEP:DSD_EAG_UOE_NON_FIN_PERS@DF_UOE_NF_PERS_CLS(1.0),,I,TUR,,ISCED11_2,,CLS,,FE,,_T,,_Z,,_Z,,A,,_Z,,_Z,,INST_EDU_PRIV,,_Z,,ST_CL,,_T,,_T,,2022,,17.29673,,,,,,,,,,A,,,,,,2,,,,0,
DATAFLOW,OECD.EDU.IMEP:DSD_EAG_UOE_NON_FIN_PERS@DF_UOE_NF_PERS_CLS(1.0),,I,TUR,,ISCED11_2,,CLS,,FE,,_T,,_Z,,_Z,,A,,_Z,,_Z,,INST_EDU,,_Z,,ST_CL,,_T,,_T,,2022,,23.70018,,,,,,,,,,A,,,,,,2,,,,0,
DATAFLOW,OECD.EDU.IMEP:DSD_EAG_UOE_NON_FIN_PERS@DF_UOE_NF_PERS_CLS(1.0),,I,TUR,,ISCED11_1,,CLS,,FE,,_T,,_Z,,_Z,,A,,_Z,,_Z,,INST_EDU,,_Z,,ST_CL,,_T,,_T,,2022,,23.48145,,,,,,,,,,A,,,,,,2,,,,0,
DATAFLOW,OECD.EDU.IMEP:DSD_EAG_UOE_NON_FIN_PERS@DF_UOE_NF_PERS_CLS(1.0),,I,TUR,,ISCED11_1,,CLS,,FE,,_T,,_Z,,_Z,,A,,_Z,,_Z,,INST_EDU_PUB,,_Z,,ST_CL,,_T,,_T,,2022,,23.88431,,,,,,,,,,A,,,,,,2,,,,0,
DATAFLOW,OECD.EDU.IMEP:DSD_EAG_UOE_NON_FIN_PERS@DF_UOE_NF_PERS_CLS(1.0),,I,TUR,,ISCED11_2,,CLS,,FE,,_T,,_Z,,_Z,,A,,_Z,,_Z,,INST_EDU_PUB,,_Z,,ST_CL,,_T,,_T,,2022,,24.35601,,,,,,,,,,A,,,,,,2,,,,0,
DATAFLOW,OECD.EDU.IMEP:DSD_EAG_UOE_NON_FIN_PERS@DF_UOE_NF_PERS_CLS(1.0),,I,TUR,,ISCED11_1,,CLS,,FE,,_T,,_Z,,_Z,,A,,_Z,,_Z,,INST_EDU_PRIV,,_Z,,ST_CL,,_T,,_T,,2022,,18.42149,,,,,,,,,,A,,,,,,2,,,,0,
DATAFLOW,OECD.EDU.IMEP:DSD_EAG_UOE_NON_FIN_PERS@DF_UOE_NF_PERS_CLS(1.0),,I,CHE,,ISCED11_1,,CLS,,FE,,_T,,_Z,,_Z,,A,,_Z,,_Z,,INST_EDU_PUB,,_Z,,ST_CL,,_T,,_T,,2022,,19.08358,,,,,,,,,,A,,,,,,2,,,,0,
DATAFLOW,OECD.EDU.IMEP:DSD_EAG_UOE_NON_FIN_PERS@DF_UOE_NF_PERS_CLS(1.0),,I,CHE,,ISCED11_2,,CLS,,FE,,_T,,_Z,,_Z,,A,,_Z,,_Z,,INST_EDU_PUB,,_Z,,ST_CL,,_T,,_T,,2022,,18.76538,,,,,,,,,,A,,,,,,2,,,,0,
DATAFLOW,OECD.EDU.IMEP:DSD_EAG_UOE_NON_FIN_PERS@DF_UOE_NF_PERS_CLS(1.0),,I,SWE,,ISCED11_2,,CLS,,FE,,_T,,_Z,,_Z,,A,,_Z,,_Z,,INST_EDU_PRIV_GOV,,_Z,,ST_CL,,_T,,_T,,2022,,21.5724,,,,,,,,,,A,,,,,,2,,,,0,
DATAFLOW,OECD.EDU.IMEP:DSD_EAG_UOE_NON_FIN_PERS@DF_UOE_NF_PERS_CLS(1.0),,I,SWE,,ISCED11_1,,CLS,,FE,,_T,,_Z,,_Z,,A,,_Z,,_Z,,INST_EDU_PRIV,,_Z,,ST_CL,,_T,,_T,,2022,,19.19375,,,,,,,,,,A,,,,,,2,,,,0,
DATAFLOW,OECD.EDU.IMEP:DSD_EAG_UOE_NON_FIN_PERS@DF_UOE_NF_PERS_CLS(1.0),,I,SWE,,ISCED11_2,,CLS,,FE,,_T,,_Z,,_Z,,A,,_Z,,_Z,,INST_EDU_PUB,,_Z,,ST_CL,,_T,,_T,,2022,,22.18521,,,,,,,,,,A,,,,,,2,,,,0,
DATAFLOW,OECD.EDU.IMEP:DSD_EAG_UOE_NON_FIN_PERS@DF_UOE_NF_PERS_CLS(1.0),,I,SWE,,ISCED11_2,,CLS,,FE,,_T,,_Z,,_Z,,A,,_Z,,_Z,,INST_EDU,,_Z,,ST_CL,,_T,,_T,,2022,,22.05384,,,,,,,,,,A,,,,,,2,,,,0,
DATAFLOW,OECD.EDU.IMEP:DSD_EAG_UOE_NON_FIN_PERS@DF_UOE_NF_PERS_CLS(1.0),,I,SWE,,ISCED11_1,,CLS,,FE,,_T,,_Z,,_Z,,A,,_Z,,_Z,,INST_EDU,,_Z,,ST_CL,,_T,,_T,,2022,,20.62035,,,,,,,,,,A,,,,,,2,,,,0,
DATAFLOW,OECD.EDU.IMEP:DSD_EAG_UOE_NON_FIN_PERS@DF_UOE_NF_PERS_CLS(1.0),,I,SWE,,ISCED11_1,,CLS,,FE,,_T,,_Z,,_Z,,A,,_Z,,_Z,,INST_EDU_PUB,,_Z,,ST_CL,,_T,,_T,,2022,,20.878,,,,,,,,,,A,,,,,,2,,,,0,
DATAFLOW,OECD.EDU.IMEP:DSD_EAG_UOE_NON_FIN_PERS@DF_UOE_NF_PERS_CLS(1.0),,I,SWE,,ISCED11_2,,CLS,,FE,,_T,,_Z,,_Z,,A,,_Z,,_Z,,INST_EDU_PRIV,,_Z,,ST_CL,,_T,,_T,,2022,,21.5724,,,,,,,,,,A,,,,,,2,,,,0,
DATAFLOW,OECD.EDU.IMEP:DSD_EAG_UOE_NON_FIN_PERS@DF_UOE_NF_PERS_CLS(1.0),,I,ESP,,ISCED11_1,,CLS,,FE,,_T,,_Z,,_Z,,A,,_Z,,_Z,,INST_EDU_PRIV_IND,,_Z,,ST_CL,,_T,,_T,,2022,,19.16576,,,,,,,,,,A,,,,,,2,,,,0,
DATAFLOW,OECD.EDU.IMEP:DSD_EAG_UOE_NON_FIN_PERS@DF_UOE_NF_PERS_CLS(1.0),,I,ESP,,ISCED11_2,,CLS,,FE,,_T,,_Z,,_Z,,A,,_Z,,_Z,,INST_EDU_PRIV_IND,,_Z,,ST_CL,,_T,,_T,,2022,,23.37544,,,,,,,,,,A,,,,,,2,,,,0,
DATAFLOW,OECD.EDU.IMEP:DSD_EAG_UOE_NON_FIN_PERS@DF_UOE_NF_PERS_CLS(1.0),,I,ESP,,ISCED11_1,,CLS,,FE,,_T,,_Z,,_Z,,A,,_Z,,_Z,,INST_EDU_PRIV,,_Z,,ST_CL,,_T,,_T,,2022,,23.07516,,,,,,,,,,A,,,,,,2,,,,0,
DATAFLOW,OECD.EDU.IMEP:DSD_EAG_UOE_NON_FIN_PERS@DF_UOE_NF_PERS_CLS(1.0),,I,ESP,,ISCED11_2,,CLS,,FE,,_T,,_Z,,_Z,,A,,_Z,,_Z,,INST_EDU_PRIV,,_Z,,ST_CL,,_T,,_T,,2022,,26.3382,,,,,,,,,,A,,,,,,2,,,,0,
DATAFLOW,OECD.EDU.IMEP:DSD_EAG_UOE_NON_FIN_PERS@DF_UOE_NF_PERS_CLS(1.0),,I,ESP,,ISCED11_1,,CLS,,FE,,_T,,_Z,,_Z,,A,,_Z,,_Z,,INST_EDU_PRIV_GOV,,_Z,,ST_CL,,_T,,_T,,2022,,23.71819,,,,,,,,,,A,,,,,,2,,,,0,
DATAFLOW,OECD.EDU.IMEP:DSD_EAG_UOE_NON_FIN_PERS@DF_UOE_NF_PERS_CLS(1.0),,I,ESP,,ISCED11_2,,CLS,,FE,,_T,,_Z,,_Z,,A,,_Z,,_Z,,INST_EDU,,_Z,,ST_CL,,_T,,_T,,2022,,24.52161,,,,,,,,,,A,,,,,,2,,,,0,
DATAFLOW,OECD.EDU.IMEP:DSD_EAG_UOE_NON_FIN_PERS@DF_UOE_NF_PERS_CLS(1.0),,I,ESP,,ISCED11_1,,CLS,,FE,,_T,,_Z,,_Z,,A,,_Z,,_Z,,INST_EDU,,_Z,,ST_CL,,_T,,_T,,2022,,20.88674,,,,,,,,,,A,,,,,,2,,,,0,
DATAFLOW,OECD.EDU.IMEP:DSD_EAG_UOE_NON_FIN_PERS@DF_UOE_NF_PERS_CLS(1.0),,I,ESP,,ISCED11_2,,CLS,,FE,,_T,,_Z,,_Z,,A,,_Z,,_Z,,INST_EDU_PUB,,_Z,,ST_CL,,_T,,_T,,2022,,23.72239,,,,,,,,,,A,,,,,,2,,,,0,
DATAFLOW,OECD.EDU.IMEP:DSD_EAG_UOE_NON_FIN_PERS@DF_UOE_NF_PERS_CLS(1.0),,I,ESP,,ISCED11_1,,CLS,,FE,,_T,,_Z,,_Z,,A,,_Z,,_Z,,INST_EDU_PUB,,_Z,,ST_CL,,_T,,_T,,2022,,19.98424,,,,,,,,,,A,,,,,,2,,,,0,
DATAFLOW,OECD.EDU.IMEP:DSD_EAG_UOE_NON_FIN_PERS@DF_UOE_NF_PERS_CLS(1.0),,I,SVN,,ISCED11_1,,CLS,,FE,,_T,,_Z,,_Z,,A,,_Z,,_Z,,INST_EDU_PRIV_GOV,,_Z,,ST_CL,,_T,,_T,,2022,,19.0137,,,,,,,,,,A,,,,,,2,,,,0,
DATAFLOW,OECD.EDU.IMEP:DSD_EAG_UOE_NON_FIN_PERS@DF_UOE_NF_PERS_CLS(1.0),,I,SVN,,ISCED11_2,,CLS,,FE,,_T,,_Z,,_Z,,A,,_Z,,_Z,,INST_EDU_PRIV_GOV,,_Z,,ST_CL,,_T,,_T,,2022,,16.81818,,,,,,,,,,A,,,,,,2,,,,0,
DATAFLOW,OECD.EDU.IMEP:DSD_EAG_UOE_NON_FIN_PERS@DF_UOE_NF_PERS_CLS(1.0),,I,SVN,,ISCED11_1,,CLS,,FE,,_T,,_Z,,_Z,,A,,_Z,,_Z,,INST_EDU,,_Z,,ST_CL,,_T,,_T,,2022,,18.544,,,,,,,,,,A,,,,,,2,,,,0,
DATAFLOW,OECD.EDU.IMEP:DSD_EAG_UOE_NON_FIN_PERS@DF_UOE_NF_PERS_CLS(1.0),,I,SVN,,ISCED11_2,,CLS,,FE,,_T,,_Z,,_Z,,A,,_Z,,_Z,,INST_EDU,,_Z,,ST_CL,,_T,,_T,,2022,,20.63592,,,,,,,,,,A,,,,,,2,,,,0,
DATAFLOW,OECD.EDU.IMEP:DSD_EAG_UOE_NON_FIN_PERS@DF_UOE_NF_PERS_CLS(1.0),,I,SVN,,ISCED11_2,,CLS,,FE,,_T,,_Z,,_Z,,A,,_Z,,_Z,,INST_EDU_PUB,,_Z,,ST_CL,,_T,,_T,,2022,,20.67758,,,,,,,,,,A,,,,,,2,,,,0,
DATAFLOW,OECD.EDU.IMEP:DSD_EAG_UOE_NON_FIN_PERS@DF_UOE_NF_PERS_CLS(1.0),,I,SVN,,ISCED11_1,,CLS,,FE,,_T,,_Z,,_Z,,A,,_Z,,_Z,,INST_EDU_PUB,,_Z,,ST_CL,,_T,,_T,,2022,,18.53904,,,,,,,,,,A,,,,,,2,,,,0,
DATAFLOW,OECD.EDU.IMEP:DSD_EAG_UOE_NON_FIN_PERS@DF_UOE_NF_PERS_CLS(1.0),,I,SVN,,ISCED11_2,,CLS,,FE,,_T,,_Z,,_Z,,A,,_Z,,_Z,,INST_EDU_PRIV,,_Z,,ST_CL,,_T,,_T,,2022,,16.81818,,,,,,,,,,A,,,,,,2,,,,0,
DATAFLOW,OECD.EDU.IMEP:DSD_EAG_UOE_NON_FIN_PERS@DF_UOE_NF_PERS_CLS(1.0),,I,SVK,,ISCED11_1,,CLS,,FE,,_T,,_Z,,_Z,,A,,_Z,,_Z,,INST_EDU_PRIV_GOV,,_Z,,ST_CL,,_T,,_T,,2022,,17.56878,,,,,,,,,,A,,,,,,2,,,,0,
DATAFLOW,OECD.EDU.IMEP:DSD_EAG_UOE_NON_FIN_PERS@DF_UOE_NF_PERS_CLS(1.0),,I,SVK,,ISCED11_2,,CLS,,FE,,_T,,_Z,,_Z,,A,,_Z,,_Z,,INST_EDU_PUB,,_Z,,ST_CL,,_T,,_T,,2022,,20.36465,,,,,,,,,,A,,,,,,2,,,,0,
DATAFLOW,OECD.EDU.IMEP:DSD_EAG_UOE_NON_FIN_PERS@DF_UOE_NF_PERS_CLS(1.0),,I,SVK,,ISCED11_1,,CLS,,FE,,_T,,_Z,,_Z,,A,,_Z,,_Z,,INST_EDU_PRIV,,_Z,,ST_CL,,_T,,_T,,2022,,17.56878,,,,,,,,,,A,,,,,,2,,,,0,
DATAFLOW,OECD.EDU.IMEP:DSD_EAG_UOE_NON_FIN_PERS@DF_UOE_NF_PERS_CLS(1.0),,I,SVK,,ISCED11_2,,CLS,,FE,,_T,,_Z,,_Z,,A,,_Z,,_Z,,INST_EDU_PRIV_GOV,,_Z,,ST_CL,,_T,,_T,,2022,,18.92873,,,,,,,,,,A,,,,,,2,,,,0,
DATAFLOW,OECD.EDU.IMEP:DSD_EAG_UOE_NON_FIN_PERS@DF_UOE_NF_PERS_CLS(1.0),,I,SVK,,ISCED11_1,,CLS,,FE,,_T,,_Z,,_Z,,A,,_Z,,_Z,,INST_EDU,,_Z,,ST_CL,,_T,,_T,,2022,,18.08262,,,,,,,,,,A,,,,,,2,,,,0,
DATAFLOW,OECD.EDU.IMEP:DSD_EAG_UOE_NON_FIN_PERS@DF_UOE_NF_PERS_CLS(1.0),,I,SVK,,ISCED11_1,,CLS,,FE,,_T,,_Z,,_Z,,A,,_Z,,_Z,,INST_EDU_PUB,,_Z,,ST_CL,,_T,,_T,,2022,,18.13471,,,,,,,,,,A,,,,,,2,,,,0,
DATAFLOW,OECD.EDU.IMEP:DSD_EAG_UOE_NON_FIN_PERS@DF_UOE_NF_PERS_CLS(1.0),,I,SVK,,ISCED11_2,,CLS,,FE,,_T,,_Z,,_Z,,A,,_Z,,_Z,,INST_EDU,,_Z,,ST_CL,,_T,,_T,,2022,,20.21986,,,,,,,,,,A,,,,,,2,,,,0,
DATAFLOW,OECD.EDU.IMEP:DSD_EAG_UOE_NON_FIN_PERS@DF_UOE_NF_PERS_CLS(1.0),,I,PRT,,ISCED11_2,,CLS,,FE,,_T,,_Z,,_Z,,A,,_Z,,_Z,,INST_EDU_PRIV_IND,,_Z,,ST_CL,,_T,,_T,,2022,,22.35501,,,,,,,,,,A,,,,,,2,,,,0,
DATAFLOW,OECD.EDU.IMEP:DSD_EAG_UOE_NON_FIN_PERS@DF_UOE_NF_PERS_CLS(1.0),,I,PRT,,ISCED11_1,,CLS,,FE,,_T,,_Z,,_Z,,A,,_Z,,_Z,,INST_EDU_PRIV_IND,,_Z,,ST_CL,,_T,,_T,,2022,,18.68882,,,,,,,,,,A,,,,,,2,,,,0,
DATAFLOW,OECD.EDU.IMEP:DSD_EAG_UOE_NON_FIN_PERS@DF_UOE_NF_PERS_CLS(1.0),,I,PRT,,ISCED11_2,,CLS,,FE,,_T,,_Z,,_Z,,A,,_Z,,_Z,,INST_EDU_PRIV_GOV,,_Z,,ST_CL,,_T,,_T,,2022,,24.41214,,,,,,,,,,A,,,,,,2,,,,0,
DATAFLOW,OECD.EDU.IMEP:DSD_EAG_UOE_NON_FIN_PERS@DF_UOE_NF_PERS_CLS(1.0),,I,PRT,,ISCED11_2,,CLS,,FE,,_T,,_Z,,_Z,,A,,_Z,,_Z,,INST_EDU,,_Z,,ST_CL,,_T,,_T,,2022,,21.42657,,,,,,,,,,A,,,,,,2,,,,0,
DATAFLOW,OECD.EDU.IMEP:DSD_EAG_UOE_NON_FIN_PERS@DF_UOE_NF_PERS_CLS(1.0),,I,PRT,,ISCED11_1,,CLS,,FE,,_T,,_Z,,_Z,,A,,_Z,,_Z,,INST_EDU_PRIV_GOV,,_Z,,ST_CL,,_T,,_T,,2022,,21.16307,,,,,,,,,,A,,,,,,2,,,,0,
DATAFLOW,OECD.EDU.IMEP:DSD_EAG_UOE_NON_FIN_PERS@DF_UOE_NF_PERS_CLS(1.0),,I,PRT,,ISCED11_1,,CLS,,FE,,_T,,_Z,,_Z,,A,,_Z,,_Z,,INST_EDU,,_Z,,ST_CL,,_T,,_T,,2022,,20.18806,,,,,,,,,,A,,,,,,2,,,,0,
DATAFLOW,OECD.EDU.IMEP:DSD_EAG_UOE_NON_FIN_PERS@DF_UOE_NF_PERS_CLS(1.0),,I,PRT,,ISCED11_2,,CLS,,FE,,_T,,_Z,,_Z,,A,,_Z,,_Z,,INST_EDU_PUB,,_Z,,ST_CL,,_T,,_T,,2022,,21.26983,,,,,,,,,,A,,,,,,2,,,,0,
DATAFLOW,OECD.EDU.IMEP:DSD_EAG_UOE_NON_FIN_PERS@DF_UOE_NF_PERS_CLS(1.0),,I,PRT,,ISCED11_2,,CLS,,FE,,_T,,_Z,,_Z,,A,,_Z,,_Z,,INST_EDU_PRIV,,_Z,,ST_CL,,_T,,_T,,2022,,22.80845,,,,,,,,,,A,,,,,,2,,,,0,
DATAFLOW,OECD.EDU.IMEP:DSD_EAG_UOE_NON_FIN_PERS@DF_UOE_NF_PERS_CLS(1.0),,I,PRT,,ISCED11_1,,CLS,,FE,,_T,,_Z,,_Z,,A,,_Z,,_Z,,INST_EDU_PRIV,,_Z,,ST_CL,,_T,,_T,,2022,,18.96447,,,,,,,,,,A,,,,,,2,,,,0,
DATAFLOW,OECD.EDU.IMEP:DSD_EAG_UOE_NON_FIN_PERS@DF_UOE_NF_PERS_CLS(1.0),,I,POL,,ISCED11_1,,CLS,,FE,,_T,,_Z,,_Z,,A,,_Z,,_Z,,INST_EDU_PRIV_IND,,_Z,,ST_CL,,_T,,_T,,2022,,12.37786,,,,,,,,,,A,,,,,,2,,,,0,
DATAFLOW,OECD.EDU.IMEP:DSD_EAG_UOE_NON_FIN_PERS@DF_UOE_NF_PERS_CLS(1.0),,I,POL,,ISCED11_2,,CLS,,FE,,_T,,_Z,,_Z,,A,,_Z,,_Z,,INST_EDU_PRIV_IND,,_Z,,ST_CL,,_T,,_T,,2022,,12.77353,,,,,,,,,,A,,,,,,2,,,,0,
DATAFLOW,OECD.EDU.IMEP:DSD_EAG_UOE_NON_FIN_PERS@DF_UOE_NF_PERS_CLS(1.0),,I,POL,,ISCED11_1,,CLS,,FE,,_T,,_Z,,_Z,,A,,_Z,,_Z,,INST_EDU_PRIV,,_Z,,ST_CL,,_T,,_T,,2022,,12.10942,,,,,,,,,,A,,,,,,2,,,,0,
DATAFLOW,OECD.EDU.IMEP:DSD_EAG_UOE_NON_FIN_PERS@DF_UOE_NF_PERS_CLS(1.0),,I,POL,,ISCED11_2,,CLS,,FE,,_T,,_Z,,_Z,,A,,_Z,,_Z,,INST_EDU,,_Z,,ST_CL,,_T,,_T,,2022,,18.01935,,,,,,,,,,A,,,,,,2,,,,0,
DATAFLOW,OECD.EDU.IMEP:DSD_EAG_UOE_NON_FIN_PERS@DF_UOE_NF_PERS_CLS(1.0),,I,POL,,ISCED11_2,,CLS,,FE,,_T,,_Z,,_Z,,A,,_Z,,_Z,,INST_EDU_PUB,,_Z,,ST_CL,,_T,,_T,,2022,,18.6106,,,,,,,,,,A,,,,,,2,,,,0,
DATAFLOW,OECD.EDU.IMEP:DSD_EAG_UOE_NON_FIN_PERS@DF_UOE_NF_PERS_CLS(1.0),,I,POL,,ISCED11_1,,CLS,,FE,,_T,,_Z,,_Z,,A,,_Z,,_Z,,INST_EDU,,_Z,,ST_CL,,_T,,_T,,2022,,17.47539,,,,,,,,,,A,,,,,,2,,,,0,
DATAFLOW,OECD.EDU.IMEP:DSD_EAG_UOE_NON_FIN_PERS@DF_UOE_NF_PERS_CLS(1.0),,I,POL,,ISCED11_1,,CLS,,FE,,_T,,_Z,,_Z,,A,,_Z,,_Z,,INST_EDU_PUB,,_Z,,ST_CL,,_T,,_T,,2022,,18.11763,,,,,,,,,,A,,,,,,2,,,,0,
DATAFLOW,OECD.EDU.IMEP:DSD_EAG_UOE_NON_FIN_PERS@DF_UOE_NF_PERS_CLS(1.0),,I,POL,,ISCED11_2,,CLS,,FE,,_T,,_Z,,_Z,,A,,_Z,,_Z,,INST_EDU_PRIV,,_Z,,ST_CL,,_T,,_T,,2022,,12.57104,,,,,,,,,,A,,,,,,2,,,,0,
DATAFLOW,OECD.EDU.IMEP:DSD_EAG_UOE_NON_FIN_PERS@DF_UOE_NF_PERS_CLS(1.0),,I,POL,,ISCED11_2,,CLS,,FE,,_T,,_Z,,_Z,,A,,_Z,,_Z,,INST_EDU_PRIV_GOV,,_Z,,ST_CL,,_T,,_T,,2022,,12.07344,,,,,,,,,,A,,,,,,2,,,,0,
DATAFLOW,OECD.EDU.IMEP:DSD_EAG_UOE_NON_FIN_PERS@DF_UOE_NF_PERS_CLS(1.0),,I,NLD,,ISCED11_1,,CLS,,FE,,_T,,_Z,,_Z,,A,,_Z,,_Z,,INST_EDU_PRIV_GOV,,_Z,,ST_CL,,_T,,_T,,2022,,22.28,,,,,,,,,,A,,,,,,2,,,,0,
DATAFLOW,OECD.EDU.IMEP:DSD_EAG_UOE_NON_FIN_PERS@DF_UOE_NF_PERS_CLS(1.0),,I,MEX,,ISCED11_2,,CLS,,FE,,_T,,_Z,,_Z,,A,,_Z,,_Z,,INST_EDU_PRIV,,_Z,,ST_CL,,_T,,_T,,2022,,21.40223,,,,,,,,,,A,,,,,,2,,,,0,
DATAFLOW,OECD.EDU.IMEP:DSD_EAG_UOE_NON_FIN_PERS@DF_UOE_NF_PERS_CLS(1.0),,I,MEX,,ISCED11_2,,CLS,,FE,,_T,,_Z,,_Z,,A,,_Z,,_Z,,INST_EDU_PRIV_IND,,_Z,,ST_CL,,_T,,_T,,2022,,21.40223,,,,,,,,,,A,,,,,,2,,,,0,
DATAFLOW,OECD.EDU.IMEP:DSD_EAG_UOE_NON_FIN_PERS@DF_UOE_NF_PERS_CLS(1.0),,I,MEX,,ISCED11_1,,CLS,,FE,,_T,,_Z,,_Z,,A,,_Z,,_Z,,INST_EDU_PRIV_IND,,_Z,,ST_CL,,_T,,_T,,2022,,18.44429,,,,,,,,,,A,,,,,,2,,,,0,
DATAFLOW,OECD.EDU.IMEP:DSD_EAG_UOE_NON_FIN_PERS@DF_UOE_NF_PERS_CLS(1.0),,I,MEX,,ISCED11_1,,CLS,,FE,,_T,,_Z,,_Z,,A,,_Z,,_Z,,INST_EDU_PRIV,,_Z,,ST_CL,,_T,,_T,,2022,,18.44429,,,,,,,,,,A,,,,,,2,,,,0,
DATAFLOW,OECD.EDU.IMEP:DSD_EAG_UOE_NON_FIN_PERS@DF_UOE_NF_PERS_CLS(1.0),,I,MEX,,ISCED11_2,,CLS,,FE,,_T,,_Z,,_Z,,A,,_Z,,_Z,,INST_EDU,,_Z,,ST_CL,,_T,,_T,,2022,,25.68443,,,,,,,,,,A,,,,,,2,,,,0,
DATAFLOW,OECD.EDU.IMEP:DSD_EAG_UOE_NON_FIN_PERS@DF_UOE_NF_PERS_CLS(1.0),,I,MEX,,ISCED11_1,,CLS,,FE,,_T,,_Z,,_Z,,A,,_Z,,_Z,,INST_EDU,,_Z,,ST_CL,,_T,,_T,,2022,,23.50604,,,,,,,,,,A,,,,,,2,,,,0,
DATAFLOW,OECD.EDU.IMEP:DSD_EAG_UOE_NON_FIN_PERS@DF_UOE_NF_PERS_CLS(1.0),,I,MEX,,ISCED11_1,,CLS,,FE,,_T,,_Z,,_Z,,A,,_Z,,_Z,,INST_EDU_PUB,,_Z,,ST_CL,,_T,,_T,,2022,,24.17045,,,,,,,,,,A,,,,,,2,,,,0,
DATAFLOW,OECD.EDU.IMEP:DSD_EAG_UOE_NON_FIN_PERS@DF_UOE_NF_PERS_CLS(1.0),,I,LUX,,ISCED11_2,,CLS,,FE,,_T,,_Z,,_Z,,A,,_Z,,_Z,,INST_EDU_PRIV_IND,,_Z,,ST_CL,,_T,,_T,,2022,,23.23664,,,,,,,,,,A,,,,,,2,,,,0,
DATAFLOW,OECD.EDU.IMEP:DSD_EAG_UOE_NON_FIN_PERS@DF_UOE_NF_PERS_CLS(1.0),,I,LUX,,ISCED11_1,,CLS,,FE,,_T,,_Z,,_Z,,A,,_Z,,_Z,,INST_EDU_PRIV,,_Z,,ST_CL,,_T,,_T,,2022,,21.88626,,,,,,,,,,A,,,,,,2,,,,0,
DATAFLOW,OECD.EDU.IMEP:DSD_EAG_UOE_NON_FIN_PERS@DF_UOE_NF_PERS_CLS(1.0),,I,LUX,,ISCED11_2,,CLS,,FE,,_T,,_Z,,_Z,,A,,_Z,,_Z,,INST_EDU_PRIV_GOV,,_Z,,ST_CL,,_T,,_T,,2022,,18.19101,,,,,,,,,,A,,,,,,2,,,,0,
DATAFLOW,OECD.EDU.IMEP:DSD_EAG_UOE_NON_FIN_PERS@DF_UOE_NF_PERS_CLS(1.0),,I,LUX,,ISCED11_2,,CLS,,FE,,_T,,_Z,,_Z,,A,,_Z,,_Z,,INST_EDU_PRIV,,_Z,,ST_CL,,_T,,_T,,2022,,21.19545,,,,,,,,,,A,,,,,,2,,,,0,
DATAFLOW,OECD.EDU.IMEP:DSD_EAG_UOE_NON_FIN_PERS@DF_UOE_NF_PERS_CLS(1.0),,I,LUX,,ISCED11_2,,CLS,,FE,,_T,,_Z,,_Z,,A,,_Z,,_Z,,INST_EDU_PUB,,_Z,,ST_CL,,_T,,_T,,2022,,17.69439,,,,,,,,,,A,,,,,,2,,,,0,
DATAFLOW,OECD.EDU.IMEP:DSD_EAG_UOE_NON_FIN_PERS@DF_UOE_NF_PERS_CLS(1.0),,I,LUX,,ISCED11_1,,CLS,,FE,,_T,,_Z,,_Z,,A,,_Z,,_Z,,INST_EDU,,_Z,,ST_CL,,_T,,_T,,2022,,15.55246,,,,,,,,,,A,,,,,,2,,,,0,
DATAFLOW,OECD.EDU.IMEP:DSD_EAG_UOE_NON_FIN_PERS@DF_UOE_NF_PERS_CLS(1.0),,I,CRI,,ISCED11_1,,CLS,,FE,,_T,,_Z,,_Z,,A,,_Z,,_Z,,INST_EDU_PRIV,,_Z,,ST_CL,,_T,,_T,,2022,,15.8847,,,,,,,,,,A,,,,,,2,,,,0,
DATAFLOW,OECD.EDU.IMEP:DSD_EAG_UOE_NON_FIN_PERS@DF_UOE_NF_PERS_CLS(1.0),,I,COL,,ISCED11_2,,CLS,,FE,,_T,,_Z,,_Z,,A,,_Z,,_Z,,INST_EDU_PRIV_IND,,_Z,,ST_CL,,_T,,_T,,2022,,22.6581,,,,,,,,,,A,,,,,,2,,,,0,
DATAFLOW,OECD.EDU.IMEP:DSD_EAG_UOE_NON_FIN_PERS@DF_UOE_NF_PERS_CLS(1.0),,I,LUX,,ISCED11_1,,CLS,,FE,,_T,,_Z,,_Z,,A,,_Z,,_Z,,INST_EDU_PRIV_GOV,,_Z,,ST_CL,,_T,,_T,,2022,,17.16667,,,,,,,,,,A,,,,,,2,,,,0,
DATAFLOW,OECD.EDU.IMEP:DSD_EAG_UOE_NON_FIN_PERS@DF_UOE_NF_PERS_CLS(1.0),,I,LTU,,ISCED11_2,,CLS,,FE,,_T,,_Z,,_Z,,A,,_Z,,_Z,,INST_EDU_PRIV_IND,,_Z,,ST_CL,,_T,,_T,,2022,,18.07961,,,,,,,,,,A,,,,,,2,,,,0,
DATAFLOW,OECD.EDU.IMEP:DSD_EAG_UOE_NON_FIN_PERS@DF_UOE_NF_PERS_CLS(1.0),,I,LTU,,ISCED11_2,,CLS,,FE,,_T,,_Z,,_Z,,A,,_Z,,_Z,,INST_EDU_PRIV,,_Z,,ST_CL,,_T,,_T,,2022,,18.07961,,,,,,,,,,A,,,,,,2,,,,0,
DATAFLOW,OECD.EDU.IMEP:DSD_EAG_UOE_NON_FIN_PERS@DF_UOE_NF_PERS_CLS(1.0),,I,LTU,,ISCED11_1,,CLS,,FE,,_T,,_Z,,_Z,,A,,_Z,,_Z,,INST_EDU_PRIV,,_Z,,ST_CL,,_T,,_T,,2022,,14.38877,,,,,,,,,,A,,,,,,2,,,,0,
DATAFLOW,OECD.EDU.IMEP:DSD_EAG_UOE_NON_FIN_PERS@DF_UOE_NF_PERS_CLS(1.0),,I,LTU,,ISCED11_2,,CLS,,FE,,_T,,_Z,,_Z,,A,,_Z,,_Z,,INST_EDU,,_Z,,ST_CL,,_T,,_T,,2022,,20.46454,,,,,,,,,,A,,,,,,2,,,,0,
DATAFLOW,OECD.EDU.IMEP:DSD_EAG_UOE_NON_FIN_PERS@DF_UOE_NF_PERS_CLS(1.0),,I,LTU,,ISCED11_1,,CLS,,FE,,_T,,_Z,,_Z,,A,,_Z,,_Z,,INST_EDU,,_Z,,ST_CL,,_T,,_T,,2022,,17.88747,,,,,,,,,,A,,,,,,2,,,,0,
DATAFLOW,OECD.EDU.IMEP:DSD_EAG_UOE_NON_FIN_PERS@DF_UOE_NF_PERS_CLS(1.0),,I,SWE,,ISCED11_1,,CLS,,FE,,_T,,_Z,,_Z,,A,,_Z,,_Z,,INST_EDU_PRIV_GOV,,_Z,,ST_CL,,_T,,_T,,2022,,19.19375,,,,,,,,,,A,,,,,,2,,,,0,
DATAFLOW,OECD.EDU.IMEP:DSD_EAG_UOE_NON_FIN_PERS@DF_UOE_NF_PERS_CLS(1.0),,I,ESP,,ISCED11_2,,CLS,,FE,,_T,,_Z,,_Z,,A,,_Z,,_Z,,INST_EDU_PRIV_GOV,,_Z,,ST_CL,,_T,,_T,,2022,,26.784,,,,,,,,,,A,,,,,,2,,,,0,
DATAFLOW,OECD.EDU.IMEP:DSD_EAG_UOE_NON_FIN_PERS@DF_UOE_NF_PERS_CLS(1.0),,I,SVN,,ISCED11_1,,CLS,,FE,,_T,,_Z,,_Z,,A,,_Z,,_Z,,INST_EDU_PRIV,,_Z,,ST_CL,,_T,,_T,,2022,,19.0137,,,,,,,,,,A,,,,,,2,,,,0,
DATAFLOW,OECD.EDU.IMEP:DSD_EAG_UOE_NON_FIN_PERS@DF_UOE_NF_PERS_CLS(1.0),,I,SVK,,ISCED11_2,,CLS,,FE,,_T,,_Z,,_Z,,A,,_Z,,_Z,,INST_EDU_PRIV,,_Z,,ST_CL,,_T,,_T,,2022,,18.92873,,,,,,,,,,A,,,,,,2,,,,0,
DATAFLOW,OECD.EDU.IMEP:DSD_EAG_UOE_NON_FIN_PERS@DF_UOE_NF_PERS_CLS(1.0),,I,PRT,,ISCED11_1,,CLS,,FE,,_T,,_Z,,_Z,,A,,_Z,,_Z,,INST_EDU_PUB,,_Z,,ST_CL,,_T,,_T,,2022,,20.38314,,,,,,,,,,A,,,,,,2,,,,0,
DATAFLOW,OECD.EDU.IMEP:DSD_EAG_UOE_NON_FIN_PERS@DF_UOE_NF_PERS_CLS(1.0),,I,POL,,ISCED11_1,,CLS,,FE,,_T,,_Z,,_Z,,A,,_Z,,_Z,,INST_EDU_PRIV_GOV,,_Z,,ST_CL,,_T,,_T,,2022,,11.45468,,,,,,,,,,A,,,,,,2,,,,0,
DATAFLOW,OECD.EDU.IMEP:DSD_EAG_UOE_NON_FIN_PERS@DF_UOE_NF_PERS_CLS(1.0),,I,MEX,,ISCED11_2,,CLS,,FE,,_T,,_Z,,_Z,,A,,_Z,,_Z,,INST_EDU_PUB,,_Z,,ST_CL,,_T,,_T,,2022,,26.21083,,,,,,,,,,A,,,,,,2,,,,0,
DATAFLOW,OECD.EDU.IMEP:DSD_EAG_UOE_NON_FIN_PERS@DF_UOE_NF_PERS_CLS(1.0),,I,LUX,,ISCED11_1,,CLS,,FE,,_T,,_Z,,_Z,,A,,_Z,,_Z,,INST_EDU_PRIV_IND,,_Z,,ST_CL,,_T,,_T,,2022,,22.02439,,,,,,,,,,A,,,,,,2,,,,0,
DATAFLOW,OECD.EDU.IMEP:DSD_EAG_UOE_NON_FIN_PERS@DF_UOE_NF_PERS_CLS(1.0),,I,LTU,,ISCED11_1,,CLS,,FE,,_T,,_Z,,_Z,,A,,_Z,,_Z,,INST_EDU_PRIV_IND,,_Z,,ST_CL,,_T,,_T,,2022,,14.38877,,,,,,,,,,A,,,,,,2,,,,0,
DATAFLOW,OECD.EDU.IMEP:DSD_EAG_UOE_NON_FIN_PERS@DF_UOE_NF_PERS_CLS(1.0),,I,JPN,,ISCED11_2,,CLS,,FE,,_T,,_Z,,_Z,,A,,_Z,,_Z,,INST_EDU_PRIV,,_Z,,ST_CL,,_T,,_T,,2022,,33.14054,,,,,,,,,,A,,,,,,2,,,,0,
DATAFLOW,OECD.EDU.IMEP:DSD_EAG_UOE_NON_FIN_PERS@DF_UOE_NF_PERS_CLS(1.0),,I,ISR,,ISCED11_1,,CLS,,FE,,_T,,_Z,,_Z,,A,,_Z,,_Z,,INST_EDU_PRIV,,_Z,,ST_CL,,_T,,_T,,2022,,25.16173,,,,,,,,,,A,,,,,,2,,,,0,
DATAFLOW,OECD.EDU.IMEP:DSD_EAG_UOE_NON_FIN_PERS@DF_UOE_NF_PERS_CLS(1.0),,I,ISL,,ISCED11_2,,CLS,,FE,,_T,,_Z,,_Z,,A,,_Z,,_Z,,INST_EDU_PRIV_GOV,,_Z,,ST_CL,,_T,,_T,,2022,,15.13043,,,,,,,,,,A,,,,,,2,,,,0,
DATAFLOW,OECD.EDU.IMEP:DSD_EAG_UOE_NON_FIN_PERS@DF_UOE_NF_PERS_CLS(1.0),,I,HUN,,ISCED11_1,,CLS,,FE,,_T,,_Z,,_Z,,A,,_Z,,_Z,,INST_EDU_PRIV_IND,,_Z,,ST_CL,,_T,,_T,,2022,,17.27913,,,,,,,,,,A,,,,,,2,,,,0,
DATAFLOW,OECD.EDU.IMEP:DSD_EAG_UOE_NON_FIN_PERS@DF_UOE_NF_PERS_CLS(1.0),,I,FRA,,ISCED11_1,,CLS,,FE,,_T,,_Z,,_Z,,A,,_Z,,_Z,,INST_EDU_PRIV,,_Z,,ST_CL,,_T,,_T,,2022,,24.60205,,,,,,,,,,A,,,,,,2,,,,0,
DATAFLOW,OECD.EDU.IMEP:DSD_EAG_UOE_NON_FIN_PERS@DF_UOE_NF_PERS_CLS(1.0),,I,FIN,,ISCED11_2,,CLS,,FE,,_T,,_Z,,_Z,,A,,_Z,,_Z,,INST_EDU_PRIV,,_Z,,ST_CL,,_T,,_T,,2022,,20.65937,,,,,,,,,,A,,,,,,2,,,,0,
DATAFLOW,OECD.EDU.IMEP:DSD_EAG_UOE_NON_FIN_PERS@DF_UOE_NF_PERS_CLS(1.0),,I,EST,,ISCED11_1,,CLS,,FE,,_T,,_Z,,_Z,,A,,_Z,,_Z,,INST_EDU_PRIV_GOV,,_Z,,ST_CL,,_T,,_T,,2022,,16.35492,,,,,,,,,,A,,,,,,2,,,,0,
DATAFLOW,OECD.EDU.IMEP:DSD_EAG_UOE_NON_FIN_PERS@DF_UOE_NF_PERS_CLS(1.0),,I,DNK,,ISCED11_1,,CLS,,FE,,_T,,_Z,,_Z,,A,,_Z,,_Z,,INST_EDU,,_Z,,ST_CL,,_T,,_T,,2022,,19.45603,,,,,,,,,,A,,,,,,2,,,,0,
DATAFLOW,OECD.EDU.IMEP:DSD_EAG_UOE_NON_FIN_PERS@DF_UOE_NF_PERS_CLS(1.0),,I,CZE,,ISCED11_1,,CLS,,FE,,_T,,_Z,,_Z,,A,,_Z,,_Z,,INST_EDU_PRIV,,_Z,,ST_CL,,_T,,_T,,2022,,14.6033,,,,,,,,,,A,,,,,,2,,,,0,
DATAFLOW,OECD.EDU.IMEP:DSD_EAG_UOE_NON_FIN_PERS@DF_UOE_NF_PERS_CLS(1.0),,I,CRI,,ISCED11_2,,CLS,,FE,,_T,,_Z,,_Z,,A,,_Z,,_Z,,INST_EDU_PRIV,,_Z,,ST_CL,,_T,,_T,,2022,,19.4686,,,,,,,,,,A,,,,,,2,,,,0,
DATAFLOW,OECD.EDU.IMEP:DSD_EAG_UOE_NON_FIN_PERS@DF_UOE_NF_PERS_CLS(1.0),,I,CHL,,ISCED11_2,,CLS,,FE,,_T,,_Z,,_Z,,A,,_Z,,_Z,,INST_EDU_PRIV,,_Z,,ST_CL,,_T,,_T,,2022,,32.91306,,,,,,,,,,A,,,,,,2,,,,0,
DATAFLOW,OECD.EDU.IMEP:DSD_EAG_UOE_NON_FIN_PERS@DF_UOE_NF_PERS_CLS(1.0),,I,AUS,,ISCED11_1,,CLS,,FE,,_T,,_Z,,_Z,,A,,_Z,,_Z,,INST_EDU_PRIV_GOV,,_Z,,ST_CL,,_T,,_T,,2022,,23.56257,,,,,,,,,,A,,,,,,2,,,,0,
DATAFLOW,OECD.EDU.IMEP:DSD_EAG_UOE_NON_FIN_PERS@DF_UOE_NF_PERS_CLS(1.0),,I,ROU,,ISCED11_2,,CLS,,FE,,_T,,_Z,,_Z,,A,,_Z,,_Z,,INST_EDU_PRIV_IND,,_Z,,ST_CL,,_T,,_T,,2022,,16.46472,,,,,,,,,,A,,,,,,2,,,,0,
DATAFLOW,OECD.EDU.IMEP:DSD_EAG_UOE_NON_FIN_PERS@DF_UOE_NF_PERS_CLS(1.0),,I,ROU,,ISCED11_1,,CLS,,FE,,_T,,_Z,,_Z,,A,,_Z,,_Z,,INST_EDU_PRIV_IND,,_Z,,ST_CL,,_T,,_T,,2022,,15.99989,,,,,,,,,,A,,,,,,2,,,,0,
DATAFLOW,OECD.EDU.IMEP:DSD_EAG_UOE_NON_FIN_PERS@DF_UOE_NF_PERS_CLS(1.0),,I,ROU,,ISCED11_2,,CLS,,FE,,_T,,_Z,,_Z,,A,,_Z,,_Z,,INST_EDU_PUB,,_Z,,ST_CL,,_T,,_T,,2022,,20.40212,,,,,,,,,,A,,,,,,2,,,,0,
DATAFLOW,OECD.EDU.IMEP:DSD_EAG_UOE_NON_FIN_PERS@DF_UOE_NF_PERS_CLS(1.0),,I,ROU,,ISCED11_1,,CLS,,FE,,_T,,_Z,,_Z,,A,,_Z,,_Z,,INST_EDU,,_Z,,ST_CL,,_T,,_T,,2022,,19.59575,,,,,,,,,,A,,,,,,2,,,,0,
DATAFLOW,OECD.EDU.IMEP:DSD_EAG_UOE_NON_FIN_PERS@DF_UOE_NF_PERS_CLS(1.0),,I,ROU,,ISCED11_2,,CLS,,FE,,_T,,_Z,,_Z,,A,,_Z,,_Z,,INST_EDU,,_Z,,ST_CL,,_T,,_T,,2022,,20.34555,,,,,,,,,,A,,,,,,2,,,,0,
DATAFLOW,OECD.EDU.IMEP:DSD_EAG_UOE_NON_FIN_PERS@DF_UOE_NF_PERS_CLS(1.0),,I,ROU,,ISCED11_1,,CLS,,FE,,_T,,_Z,,_Z,,A,,_Z,,_Z,,INST_EDU_PUB,,_Z,,ST_CL,,_T,,_T,,2022,,19.6849,,,,,,,,,,A,,,,,,2,,,,0,
DATAFLOW,OECD.EDU.IMEP:DSD_EAG_UOE_NON_FIN_PERS@DF_UOE_NF_PERS_CLS(1.0),,I,ROU,,ISCED11_1,,CLS,,FE,,_T,,_Z,,_Z,,A,,_Z,,_Z,,INST_EDU_PRIV,,_Z,,ST_CL,,_T,,_T,,2022,,15.99989,,,,,,,,,,A,,,,,,2,,,,0,
DATAFLOW,OECD.EDU.IMEP:DSD_EAG_UOE_NON_FIN_PERS@DF_UOE_NF_PERS_CLS(1.0),,I,PER,,ISCED11_1,,CLS,,FE,,_T,,_Z,,_Z,,A,,_Z,,_Z,,INST_EDU_PRIV_IND,,_Z,,ST_CL,,_T,,_T,,2022,,16.88583,,,,,,,,,,A,,,,,,2,,,,0,
DATAFLOW,OECD.EDU.IMEP:DSD_EAG_UOE_NON_FIN_PERS@DF_UOE_NF_PERS_CLS(1.0),,I,PER,,ISCED11_2,,CLS,,FE,,_T,,_Z,,_Z,,A,,_Z,,_Z,,INST_EDU_PRIV_IND,,_Z,,ST_CL,,_T,,_T,,2022,,19.7754,,,,,,,,,,A,,,,,,2,,,,0,
DATAFLOW,OECD.EDU.IMEP:DSD_EAG_UOE_NON_FIN_PERS@DF_UOE_NF_PERS_CLS(1.0),,I,PER,,ISCED11_2,,CLS,,FE,,_T,,_Z,,_Z,,A,,_Z,,_Z,,INST_EDU_PRIV,,_Z,,ST_CL,,_T,,_T,,2022,,20.89533,,,,,,,,,,A,,,,,,2,,,,0,
DATAFLOW,OECD.EDU.IMEP:DSD_EAG_UOE_NON_FIN_PERS@DF_UOE_NF_PERS_CLS(1.0),,I,PER,,ISCED11_2,,CLS,,FE,,_T,,_Z,,_Z,,A,,_Z,,_Z,,INST_EDU,,_Z,,ST_CL,,_T,,_T,,2022,,21.93152,,,,,,,,,,A,,,,,,2,,,,0,
DATAFLOW,OECD.EDU.IMEP:DSD_EAG_UOE_NON_FIN_PERS@DF_UOE_NF_PERS_CLS(1.0),,I,PER,,ISCED11_1,,CLS,,FE,,_T,,_Z,,_Z,,A,,_Z,,_Z,,INST_EDU,,_Z,,ST_CL,,_T,,_T,,2022,,13.94687,,,,,,,,,,A,,,,,,2,,,,0,
DATAFLOW,OECD.EDU.IMEP:DSD_EAG_UOE_NON_FIN_PERS@DF_UOE_NF_PERS_CLS(1.0),,I,PER,,ISCED11_1,,CLS,,FE,,_T,,_Z,,_Z,,A,,_Z,,_Z,,INST_EDU_PUB,,_Z,,ST_CL,,_T,,_T,,2022,,12.87791,,,,,,,,,,A,,,,,,2,,,,0,
DATAFLOW,OECD.EDU.IMEP:DSD_EAG_UOE_NON_FIN_PERS@DF_UOE_NF_PERS_CLS(1.0),,I,PER,,ISCED11_2,,CLS,,FE,,_T,,_Z,,_Z,,A,,_Z,,_Z,,INST_EDU_PUB,,_Z,,ST_CL,,_T,,_T,,2022,,22.36513,,,,,,,,,,A,,,,,,2,,,,0,
DATAFLOW,OECD.EDU.IMEP:DSD_EAG_UOE_NON_FIN_PERS@DF_UOE_NF_PERS_CLS(1.0),,I,PER,,ISCED11_1,,CLS,,FE,,_T,,_Z,,_Z,,A,,_Z,,_Z,,INST_EDU_PRIV,,_Z,,ST_CL,,_T,,_T,,2022,,17.54962,,,,,,,,,,A,,,,,,2,,,,0,
DATAFLOW,OECD.EDU.IMEP:DSD_EAG_UOE_NON_FIN_PERS@DF_UOE_NF_PERS_CLS(1.0),,I,PER,,ISCED11_2,,CLS,,FE,,_T,,_Z,,_Z,,A,,_Z,,_Z,,INST_EDU_PRIV_GOV,,_Z,,ST_CL,,_T,,_T,,2022,,29.92422,,,,,,,,,,A,,,,,,2,,,,0,
DATAFLOW,OECD.EDU.IMEP:DSD_EAG_UOE_NON_FIN_PERS@DF_UOE_NF_PERS_CLS(1.0),,I,HRV,,ISCED11_2,,CLS,,FE,,_T,,_Z,,_Z,,A,,_Z,,_Z,,INST_EDU_PUB,,_Z,,ST_CL,,_T,,_T,,2022,,17.85107,,,,,,,,,,A,,,,,,2,,,,0,
DATAFLOW,OECD.EDU.IMEP:DSD_EAG_UOE_NON_FIN_PERS@DF_UOE_NF_PERS_CLS(1.0),,I,HRV,,ISCED11_2,,CLS,,FE,,_T,,_Z,,_Z,,A,,_Z,,_Z,,INST_EDU_PRIV,,_Z,,ST_CL,,_T,,_T,,2022,,16.84043,,,,,,,,,,A,,,,,,2,,,,0,
DATAFLOW,OECD.EDU.IMEP:DSD_EAG_UOE_NON_FIN_PERS@DF_UOE_NF_PERS_CLS(1.0),,I,HRV,,ISCED11_1,,CLS,,FE,,_T,,_Z,,_Z,,A,,_Z,,_Z,,INST_EDU_PUB,,_Z,,ST_CL,,_T,,_T,,2022,,15.37691,,,,,,,,,,A,,,,,,2,,,,0,
DATAFLOW,OECD.EDU.IMEP:DSD_EAG_UOE_NON_FIN_PERS@DF_UOE_NF_PERS_CLS(1.0),,I,HRV,,ISCED11_1,,CLS,,FE,,_T,,_Z,,_Z,,A,,_Z,,_Z,,INST_EDU_PRIV,,_Z,,ST_CL,,_T,,_T,,2022,,16.48246,,,,,,,,,,A,,,,,,2,,,,0,
DATAFLOW,OECD.EDU.IMEP:DSD_EAG_UOE_NON_FIN_PERS@DF_UOE_NF_PERS_CLS(1.0),,I,HRV,,ISCED11_2,,CLS,,FE,,_T,,_Z,,_Z,,A,,_Z,,_Z,,INST_EDU,,_Z,,ST_CL,,_T,,_T,,2022,,17.84035,,,,,,,,,,A,,,,,,2,,,,0,
DATAFLOW,OECD.EDU.IMEP:DSD_EAG_UOE_NON_FIN_PERS@DF_UOE_NF_PERS_CLS(1.0),,I,HRV,,ISCED11_1,,CLS,,FE,,_T,,_Z,,_Z,,A,,_Z,,_Z,,INST_EDU,,_Z,,ST_CL,,_T,,_T,,2022,,15.39007,,,,,,,,,,A,,,,,,2,,,,0,
DATAFLOW,OECD.EDU.IMEP:DSD_EAG_UOE_NON_FIN_PERS@DF_UOE_NF_PERS_CLS(1.0),,I,HRV,,ISCED11_1,,CLS,,FE,,_T,,_Z,,_Z,,A,,_Z,,_Z,,INST_EDU_PRIV_IND,,_Z,,ST_CL,,_T,,_T,,2022,,16.48246,,,,,,,,,,A,,,,,,2,,,,0,
DATAFLOW,OECD.EDU.IMEP:DSD_EAG_UOE_NON_FIN_PERS@DF_UOE_NF_PERS_CLS(1.0),,I,BGR,,ISCED11_2,,CLS,,FE,,_T,,_Z,,_Z,,A,,_Z,,_Z,,INST_EDU_PRIV_IND,,_Z,,ST_CL,,_T,,_T,,2022,,13.29457,,,,,,,,,,A,,,,,,2,,,,0,
DATAFLOW,OECD.EDU.IMEP:DSD_EAG_UOE_NON_FIN_PERS@DF_UOE_NF_PERS_CLS(1.0),,I,BGR,,ISCED11_2,,CLS,,FE,,_T,,_Z,,_Z,,A,,_Z,,_Z,,INST_EDU,,_Z,,ST_CL,,_T,,_T,,2022,,21.33238,,,,,,,,,,A,,,,,,2,,,,0,
DATAFLOW,OECD.EDU.IMEP:DSD_EAG_UOE_NON_FIN_PERS@DF_UOE_NF_PERS_CLS(1.0),,I,BGR,,ISCED11_2,,CLS,,FE,,_T,,_Z,,_Z,,A,,_Z,,_Z,,INST_EDU_PRIV,,_Z,,ST_CL,,_T,,_T,,2022,,13.29457,,,,,,,,,,A,,,,,,2,,,,0,
DATAFLOW,OECD.EDU.IMEP:DSD_EAG_UOE_NON_FIN_PERS@DF_UOE_NF_PERS_CLS(1.0),,I,BGR,,ISCED11_1,,CLS,,FE,,_T,,_Z,,_Z,,A,,_Z,,_Z,,INST_EDU,,_Z,,ST_CL,,_T,,_T,,2022,,19.55333,,,,,,,,,,A,,,,,,2,,,,0,
DATAFLOW,OECD.EDU.IMEP:DSD_EAG_UOE_NON_FIN_PERS@DF_UOE_NF_PERS_CLS(1.0),,I,BGR,,ISCED11_1,,CLS,,FE,,_T,,_Z,,_Z,,A,,_Z,,_Z,,INST_EDU_PRIV,,_Z,,ST_CL,,_T,,_T,,2022,,13.22493,,,,,,,,,,A,,,,,,2,,,,0,
DATAFLOW,OECD.EDU.IMEP:DSD_EAG_UOE_NON_FIN_PERS@DF_UOE_NF_PERS_CLS(1.0),,I,BGR,,ISCED11_1,,CLS,,FE,,_T,,_Z,,_Z,,A,,_Z,,_Z,,INST_EDU_PUB,,_Z,,ST_CL,,_T,,_T,,2022,,19.75523,,,,,,,,,,A,,,,,,2,,,,0,
DATAFLOW,OECD.EDU.IMEP:DSD_EAG_UOE_NON_FIN_PERS@DF_UOE_NF_PERS_CLS(1.0),,I,BGR,,ISCED11_2,,CLS,,FE,,_T,,_Z,,_Z,,A,,_Z,,_Z,,INST_EDU_PUB,,_Z,,ST_CL,,_T,,_T,,2022,,21.56594,,,,,,,,,,A,,,,,,2,,,,0,
DATAFLOW,OECD.EDU.IMEP:DSD_EAG_UOE_NON_FIN_PERS@DF_UOE_NF_PERS_CLS(1.0),,I,BRA,,ISCED11_1,,CLS,,FE,,_T,,_Z,,_Z,,A,,_Z,,_Z,,INST_EDU_PRIV,,_Z,,ST_CL,,_T,,_T,,2022,,16.28913,,,,,,,,,,A,,,,,,2,,,,0,
DATAFLOW,OECD.EDU.IMEP:DSD_EAG_UOE_NON_FIN_PERS@DF_UOE_NF_PERS_CLS(1.0),,I,BRA,,ISCED11_1,,CLS,,FE,,_T,,_Z,,_Z,,A,,_Z,,_Z,,INST_EDU_PRIV_IND,,_Z,,ST_CL,,_T,,_T,,2022,,16.28913,,,,,,,,,,A,,,,,,2,,,,0,
DATAFLOW,OECD.EDU.IMEP:DSD_EAG_UOE_NON_FIN_PERS@DF_UOE_NF_PERS_CLS(1.0),,I,BRA,,ISCED11_2,,CLS,,FE,,_T,,_Z,,_Z,,A,,_Z,,_Z,,INST_EDU_PRIV_IND,,_Z,,ST_CL,,_T,,_T,,2022,,22.63254,,,,,,,,,,A,,,,,,2,,,,0,
DATAFLOW,OECD.EDU.IMEP:DSD_EAG_UOE_NON_FIN_PERS@DF_UOE_NF_PERS_CLS(1.0),,I,BRA,,ISCED11_1,,CLS,,FE,,_T,,_Z,,_Z,,A,,_Z,,_Z,,INST_EDU,,_Z,,ST_CL,,_T,,_T,,2022,,19.95696,,,,,,,,,,A,,,,,,2,,,,0,
DATAFLOW,OECD.EDU.IMEP:DSD_EAG_UOE_NON_FIN_PERS@DF_UOE_NF_PERS_CLS(1.0),,I,BRA,,ISCED11_2,,CLS,,FE,,_T,,_Z,,_Z,,A,,_Z,,_Z,,INST_EDU_PUB,,_Z,,ST_CL,,_T,,_T,,2022,,26.16475,,,,,,,,,,A,,,,,,2,,,,0,
DATAFLOW,OECD.EDU.IMEP:DSD_EAG_UOE_NON_FIN_PERS@DF_UOE_NF_PERS_CLS(1.0),,I,BRA,,ISCED11_2,,CLS,,FE,,_T,,_Z,,_Z,,A,,_Z,,_Z,,INST_EDU,,_Z,,ST_CL,,_T,,_T,,2022,,25.58506,,,,,,,,,,A,,,,,,2,,,,0,
DATAFLOW,OECD.EDU.IMEP:DSD_EAG_UOE_NON_FIN_PERS@DF_UOE_NF_PERS_CLS(1.0),,I,BRA,,ISCED11_1,,CLS,,FE,,_T,,_Z,,_Z,,A,,_Z,,_Z,,INST_EDU_PUB,,_Z,,ST_CL,,_T,,_T,,2022,,21.01867,,,,,,,,,,A,,,,,,2,,,,0,
DATAFLOW,OECD.EDU.IMEP:DSD_EAG_UOE_NON_FIN_PERS@DF_UOE_NF_PERS_CLS(1.0),,I,OECD,,ISCED11_1,,CLS,,FE,,_T,,_Z,,_Z,,A,,_Z,,_Z,,INST_EDU_PRIV_GOV,,_Z,,ST_CL,,_T,,_T,,2022,,18.66989,,,,,,,,,,A,,,,,,2,,,,0,
DATAFLOW,OECD.EDU.IMEP:DSD_EAG_UOE_NON_FIN_PERS@DF_UOE_NF_PERS_CLS(1.0),,I,OECD,,ISCED11_1,,CLS,,FE,,_T,,_Z,,_Z,,A,,_Z,,_Z,,INST_EDU_PRIV_IND,,_Z,,ST_CL,,_T,,_T,,2022,,16.7730345,,,,,,,,,,A,,,,,,2,,,,0,
DATAFLOW,OECD.EDU.IMEP:DSD_EAG_UOE_NON_FIN_PERS@DF_UOE_NF_PERS_CLS(1.0),,I,OECD,,ISCED11_2,,CLS,,FE,,_T,,_Z,,_Z,,A,,_Z,,_Z,,INST_EDU_PRIV_IND,,_Z,,ST_CL,,_T,,_T,,2022,,18.198866,,,,,,,,,,A,,,,,,2,,,,0,
DATAFLOW,OECD.EDU.IMEP:DSD_EAG_UOE_NON_FIN_PERS@DF_UOE_NF_PERS_CLS(1.0),,I,OECD,,ISCED11_1,,CLS,,FE,,_T,,_Z,,_Z,,A,,_Z,,_Z,,INST_EDU,,_Z,,ST_CL,,_T,,_T,,2022,,19.9232828125,,,,,,,,,,A,,,,,,2,,,,0,
DATAFLOW,OECD.EDU.IMEP:DSD_EAG_UOE_NON_FIN_PERS@DF_UOE_NF_PERS_CLS(1.0),,I,OECD,,ISCED11_2,,CLS,,FE,,_T,,_Z,,_Z,,A,,_Z,,_Z,,INST_EDU_PRIV_GOV,,_Z,,ST_CL,,_T,,_T,,2022,,19.5646395454545,,,,,,,,,,A,,,,,,2,,,,0,
DATAFLOW,OECD.EDU.IMEP:DSD_EAG_UOE_NON_FIN_PERS@DF_UOE_NF_PERS_CLS(1.0),,I,OECD,,ISCED11_2,,CLS,,FE,,_T,,_Z,,_Z,,A,,_Z,,_Z,,INST_EDU,,_Z,,ST_CL,,_T,,_T,,2022,,22.0850859375,,,,,,,,,,A,,,,,,2,,,,0,
DATAFLOW,OECD.EDU.IMEP:DSD_EAG_UOE_NON_FIN_PERS@DF_UOE_NF_PERS_CLS(1.0),,I,OECD,,ISCED11_2,,CLS,,FE,,_T,,_Z,,_Z,,A,,_Z,,_Z,,INST_EDU_PUB,,_Z,,ST_CL,,_T,,_T,,2022,,22.197173030303,,,,,,,,,,A,,,,,,2,,,,0,
DATAFLOW,OECD.EDU.IMEP:DSD_EAG_UOE_NON_FIN_PERS@DF_UOE_NF_PERS_CLS(1.0),,I,OECD,,ISCED11_1,,CLS,,FE,,_T,,_Z,,_Z,,A,,_Z,,_Z,,INST_EDU_PUB,,_Z,,ST_CL,,_T,,_T,,2022,,20.0832655882353,,,,,,,,,,A,,,,,,2,,,,0,
DATAFLOW,OECD.EDU.IMEP:DSD_EAG_UOE_NON_FIN_PERS@DF_UOE_NF_PERS_CLS(1.0),,I,OECD,,ISCED11_2,,CLS,,FE,,_T,,_Z,,_Z,,A,,_Z,,_Z,,INST_EDU_PRIV,,_Z,,ST_CL,,_T,,_T,,2022,,20.50958875,,,,,,,,,,A,,,,,,2,,,,0,
DATAFLOW,OECD.EDU.IMEP:DSD_EAG_UOE_NON_FIN_PERS@DF_UOE_NF_PERS_CLS(1.0),,I,EU25,,ISCED11_2,,CLS,,FE,,_T,,_Z,,_Z,,A,,_Z,,_Z,,INST_EDU_PRIV_GOV,,_Z,,ST_CL,,_T,,_T,,2022,,18.4468928571429,,,,,,,,,,A,,,,,,2,,,,0,
DATAFLOW,OECD.EDU.IMEP:DSD_EAG_UOE_NON_FIN_PERS@DF_UOE_NF_PERS_CLS(1.0),,I,EU25,,ISCED11_2,,CLS,,FE,,_T,,_Z,,_Z,,A,,_Z,,_Z,,INST_EDU_PRIV_IND,,_Z,,ST_CL,,_T,,_T,,2022,,17.5636078571429,,,,,,,,,,A,,,,,,2,,,,0,
DATAFLOW,OECD.EDU.IMEP:DSD_EAG_UOE_NON_FIN_PERS@DF_UOE_NF_PERS_CLS(1.0),,I,EU25,,ISCED11_1,,CLS,,FE,,_T,,_Z,,_Z,,A,,_Z,,_Z,,INST_EDU_PRIV_IND,,_Z,,ST_CL,,_T,,_T,,2022,,15.5440276923077,,,,,,,,,,A,,,,,,2,,,,0,
DATAFLOW,OECD.EDU.IMEP:DSD_EAG_UOE_NON_FIN_PERS@DF_UOE_NF_PERS_CLS(1.0),,I,EU25,,ISCED11_1,,CLS,,FE,,_T,,_Z,,_Z,,A,,_Z,,_Z,,INST_EDU_PRIV,,_Z,,ST_CL,,_T,,_T,,2022,,17.8962386363636,,,,,,,,,,A,,,,,,2,,,,0,
DATAFLOW,OECD.EDU.IMEP:DSD_EAG_UOE_NON_FIN_PERS@DF_UOE_NF_PERS_CLS(1.0),,I,EU25,,ISCED11_1,,CLS,,FE,,_T,,_Z,,_Z,,A,,_Z,,_Z,,INST_EDU_PRIV_GOV,,_Z,,ST_CL,,_T,,_T,,2022,,17.5502246666667,,,,,,,,,,A,,,,,,2,,,,0,
DATAFLOW,OECD.EDU.IMEP:DSD_EAG_UOE_NON_FIN_PERS@DF_UOE_NF_PERS_CLS(1.0),,I,EU25,,ISCED11_1,,CLS,,FE,,_T,,_Z,,_Z,,A,,_Z,,_Z,,INST_EDU,,_Z,,ST_CL,,_T,,_T,,2022,,18.8285490909091,,,,,,,,,,A,,,,,,2,,,,0,
DATAFLOW,OECD.EDU.IMEP:DSD_EAG_UOE_NON_FIN_PERS@DF_UOE_NF_PERS_CLS(1.0),,I,EU25,,ISCED11_2,,CLS,,FE,,_T,,_Z,,_Z,,A,,_Z,,_Z,,INST_EDU,,_Z,,ST_CL,,_T,,_T,,2022,,20.6881704545455,,,,,,,,,,A,,,,,,2,,,,0,
DATAFLOW,OECD.EDU.IMEP:DSD_EAG_UOE_NON_FIN_PERS@DF_UOE_NF_PERS_CLS(1.0),,I,EU25,,ISCED11_1,,CLS,,FE,,_T,,_Z,,_Z,,A,,_Z,,_Z,,INST_EDU_PUB,,_Z,,ST_CL,,_T,,_T,,2022,,19.0604313043478,,,,,,,,,,A,,,,,,2,,,,0,
DATAFLOW,OECD.EDU.IMEP:DSD_EAG_UOE_NON_FIN_PERS@DF_UOE_NF_PERS_CLS(1.0),,I,FRA,,ISCED11_1,,CLS,,FE,,_T,,_Z,,_Z,,A,,_Z,,_Z,,INST_EDU_PRIV_GOV,,_Z,,ST_CL,,_T,,_T,,2022,,24.60205,,,,,,,,,,A,,,,,,2,,,,0,
DATAFLOW,OECD.EDU.IMEP:DSD_EAG_UOE_NON_FIN_PERS@DF_UOE_NF_PERS_CLS(1.0),,I,FRA,,ISCED11_2,,CLS,,FE,,_T,,_Z,,_Z,,A,,_Z,,_Z,,INST_EDU,,_Z,,ST_CL,,_T,,_T,,2022,,25.63358,,,,,,,,,,A,,,,,,2,,,,0,
DATAFLOW,OECD.EDU.IMEP:DSD_EAG_UOE_NON_FIN_PERS@DF_UOE_NF_PERS_CLS(1.0),,I,USA,,ISCED11_2,,CLS,,FE,,_T,,_Z,,_Z,,A,,_Z,,_Z,,INST_EDU_PRIV,,_Z,,ST_CL,,_T,,_T,,2022,,15,,,,,,,,,,A,,,,,,2,,,,0,
DATAFLOW,OECD.EDU.IMEP:DSD_EAG_UOE_NON_FIN_PERS@DF_UOE_NF_PERS_CLS(1.0),,I,USA,,ISCED11_1,,CLS,,FE,,_T,,_Z,,_Z,,A,,_Z,,_Z,,INST_EDU_PUB,,_Z,,ST_CL,,_T,,_T,,2022,,20.7,,,,,,,,,,A,,,,,,2,,,,0,
DATAFLOW,OECD.EDU.IMEP:DSD_EAG_UOE_NON_FIN_PERS@DF_UOE_NF_PERS_CLS(1.0),,I,USA,,ISCED11_2,,CLS,,FE,,_T,,_Z,,_Z,,A,,_Z,,_Z,,INST_EDU_PUB,,_Z,,ST_CL,,_T,,_T,,2022,,22.1,,,,,,,,,,A,,,,,,2,,,,0,
DATAFLOW,OECD.EDU.IMEP:DSD_EAG_UOE_NON_FIN_PERS@DF_UOE_NF_PERS_CLS(1.0),,I,USA,,ISCED11_1,,CLS,,FE,,_T,,_Z,,_Z,,A,,_Z,,_Z,,INST_EDU,,_Z,,ST_CL,,_T,,_T,,2022,,20.10363,,,,,,,,,,A,,,,,,2,,,,0,
DATAFLOW,OECD.EDU.IMEP:DSD_EAG_UOE_NON_FIN_PERS@DF_UOE_NF_PERS_CLS(1.0),,I,USA,,ISCED11_1,,CLS,,FE,,_T,,_Z,,_Z,,A,,_Z,,_Z,,INST_EDU_PRIV,,_Z,,ST_CL,,_T,,_T,,2022,,15.6,,,,,,,,,,A,,,,,,2,,,,0,
DATAFLOW,OECD.EDU.IMEP:DSD_EAG_UOE_NON_FIN_PERS@DF_UOE_NF_PERS_CLS(1.0),,I,USA,,ISCED11_2,,CLS,,FE,,_T,,_Z,,_Z,,A,,_Z,,_Z,,INST_EDU_PRIV_IND,,_Z,,ST_CL,,_T,,_T,,2022,,15,,,,,,,,,,A,,,,,,2,,,,0,
DATAFLOW,OECD.EDU.IMEP:DSD_EAG_UOE_NON_FIN_PERS@DF_UOE_NF_PERS_CLS(1.0),,I,GBR,,ISCED11_1,,CLS,,FE,,_T,,_Z,,_Z,,A,,_Z,,_Z,,INST_EDU_PUB,,_Z,,ST_CL,,_T,,_T,,2022,,26.739,,,,,,,,,,A,,,,,,2,,,,0,
DATAFLOW,OECD.EDU.IMEP:DSD_EAG_UOE_NON_FIN_PERS@DF_UOE_NF_PERS_CLS(1.0),,I,GBR,,ISCED11_1,,CLS,,FE,,_T,,_Z,,_Z,,A,,_Z,,_Z,,INST_EDU_PRIV_IND,,_Z,,ST_CL,,_T,,_T,,2022,,12.56458,,,,,,,,,,A,,,,,,2,,,,0,
DATAFLOW,OECD.EDU.IMEP:DSD_EAG_UOE_NON_FIN_PERS@DF_UOE_NF_PERS_CLS(1.0),,I,GBR,,ISCED11_2,,CLS,,FE,,_T,,_Z,,_Z,,A,,_Z,,_Z,,INST_EDU_PRIV_IND,,_Z,,ST_CL,,_T,,_T,,2022,,12.20781,,,,,,,,,,A,,,,,,2,,,,0,
DATAFLOW,OECD.EDU.IMEP:DSD_EAG_UOE_NON_FIN_PERS@DF_UOE_NF_PERS_CLS(1.0),,I,ROU,,ISCED11_2,,CLS,,FE,,_T,,_Z,,_Z,,A,,_Z,,_Z,,INST_EDU_PRIV,,_Z,,ST_CL,,_T,,_T,,2022,,16.46472,,,,,,,,,,A,,,,,,2,,,,0,
DATAFLOW,OECD.EDU.IMEP:DSD_EAG_UOE_NON_FIN_PERS@DF_UOE_NF_PERS_CLS(1.0),,I,PER,,ISCED11_1,,CLS,,FE,,_T,,_Z,,_Z,,A,,_Z,,_Z,,INST_EDU_PRIV_GOV,,_Z,,ST_CL,,_T,,_T,,2022,,25.65718,,,,,,,,,,A,,,,,,2,,,,0,
DATAFLOW,OECD.EDU.IMEP:DSD_EAG_UOE_NON_FIN_PERS@DF_UOE_NF_PERS_CLS(1.0),,I,HRV,,ISCED11_2,,CLS,,FE,,_T,,_Z,,_Z,,A,,_Z,,_Z,,INST_EDU_PRIV_IND,,_Z,,ST_CL,,_T,,_T,,2022,,16.84043,,,,,,,,,,A,,,,,,2,,,,0,
DATAFLOW,OECD.EDU.IMEP:DSD_EAG_UOE_NON_FIN_PERS@DF_UOE_NF_PERS_CLS(1.0),,I,BGR,,ISCED11_1,,CLS,,FE,,_T,,_Z,,_Z,,A,,_Z,,_Z,,INST_EDU_PRIV_IND,,_Z,,ST_CL,,_T,,_T,,2022,,13.22493,,,,,,,,,,A,,,,,,2,,,,0,
DATAFLOW,OECD.EDU.IMEP:DSD_EAG_UOE_NON_FIN_PERS@DF_UOE_NF_PERS_CLS(1.0),,I,BRA,,ISCED11_2,,CLS,,FE,,_T,,_Z,,_Z,,A,,_Z,,_Z,,INST_EDU_PRIV,,_Z,,ST_CL,,_T,,_T,,2022,,22.63254,,,,,,,,,,A,,,,,,2,,,,0,
DATAFLOW,OECD.EDU.IMEP:DSD_EAG_UOE_NON_FIN_PERS@DF_UOE_NF_PERS_CLS(1.0),,I,OECD,,ISCED11_1,,CLS,,FE,,_T,,_Z,,_Z,,A,,_Z,,_Z,,INST_EDU_PRIV,,_Z,,ST_CL,,_T,,_T,,2022,,19.0574740625,,,,,,,,,,A,,,,,,2,,,,0,
DATAFLOW,OECD.EDU.IMEP:DSD_EAG_UOE_NON_FIN_PERS@DF_UOE_NF_PERS_CLS(1.0),,I,EU25,,ISCED11_2,,CLS,,FE,,_T,,_Z,,_Z,,A,,_Z,,_Z,,INST_EDU_PRIV,,_Z,,ST_CL,,_T,,_T,,2022,,19.7327931818182,,,,,,,,,,A,,,,,,2,,,,0,
DATAFLOW,OECD.EDU.IMEP:DSD_EAG_UOE_NON_FIN_PERS@DF_UOE_NF_PERS_CLS(1.0),,I,DEU,,ISCED11_1,,CLS,,FE,,_T,,_Z,,_Z,,A,,_Z,,_Z,,INST_EDU_PRIV_GOV,,_Z,,ST_CL,,_T,,_T,,2022,,,,,,,,,,,,K,,,,,,2,,,,0,
DATAFLOW,OECD.EDU.IMEP:DSD_EAG_UOE_NON_FIN_PERS@DF_UOE_NF_PERS_CLS(1.0),,I,AUT,,ISCED11_1,,CLS,,FE,,_T,,_Z,,_Z,,A,,_Z,,_Z,,INST_EDU_PRIV_GOV,,_Z,,ST_CL,,_T,,_T,,2022,,,,,,,,,,,,K,,,,,,2,,,,0,
DATAFLOW,OECD.EDU.IMEP:DSD_EAG_UOE_NON_FIN_PERS@DF_UOE_NF_PERS_CLS(1.0),,I,AUT,,ISCED11_2,,CLS,,FE,,_T,,_Z,,_Z,,A,,_Z,,_Z,,INST_EDU_PRIV_GOV,,_Z,,ST_CL,,_T,,_T,,2022,,,,,,,,,,,,K,,,,,,2,,,,0,
DATAFLOW,OECD.EDU.IMEP:DSD_EAG_UOE_NON_FIN_PERS@DF_UOE_NF_PERS_CLS(1.0),,I,AUT,,ISCED11_2,,CLS,,FE,,_T,,_Z,,_Z,,A,,_Z,,_Z,,INST_EDU_PRIV_IND,,_Z,,ST_CL,,_T,,_T,,2022,,,,,,,,,,,,K,,,,,,2,,,,0,
DATAFLOW,OECD.EDU.IMEP:DSD_EAG_UOE_NON_FIN_PERS@DF_UOE_NF_PERS_CLS(1.0),,I,DEU,,ISCED11_2,,CLS,,FE,,_T,,_Z,,_Z,,A,,_Z,,_Z,,INST_EDU_PRIV_GOV,,_Z,,ST_CL,,_T,,_T,,2022,,,,,,,,,,,,K,,,,,,2,,,,0,
DATAFLOW,OECD.EDU.IMEP:DSD_EAG_UOE_NON_FIN_PERS@DF_UOE_NF_PERS_CLS(1.0),,I,AUT,,ISCED11_1,,CLS,,FE,,_T,,_Z,,_Z,,A,,_Z,,_Z,,INST_EDU_PRIV_IND,,_Z,,ST_CL,,_T,,_T,,2022,,,,,,,,,,,,K,,,,,,2,,,,0,
DATAFLOW,OECD.EDU.IMEP:DSD_EAG_UOE_NON_FIN_PERS@DF_UOE_NF_PERS_CLS(1.0),,I,DEU,,ISCED11_2,,CLS,,FE,,_T,,_Z,,_Z,,A,,_Z,,_Z,,INST_EDU_PRIV_IND,,_Z,,ST_CL,,_T,,_T,,2022,,,,,,,,,,,,K,,,,,,2,,,,0,
DATAFLOW,OECD.EDU.IMEP:DSD_EAG_UOE_NON_FIN_PERS@DF_UOE_NF_PERS_CLS(1.0),,I,CHE,,ISCED11_1,,CLS,,FE,,_T,,_Z,,_Z,,A,,_Z,,_Z,,INST_EDU,,_Z,,ST_CL,,_T,,_T,,2022,,,,,,,,,,,,O,,,,,,2,,,,0,
DATAFLOW,OECD.EDU.IMEP:DSD_EAG_UOE_NON_FIN_PERS@DF_UOE_NF_PERS_CLS(1.0),,I,BEL,,ISCED11_1,,CLS,,FE,,_T,,_Z,,_Z,,A,,_Z,,_Z,,INST_EDU,,_Z,,ST_CL,,_T,,_T,,2022,,,,,,,,,,,,O,,,,,,2,,,,0,
DATAFLOW,OECD.EDU.IMEP:DSD_EAG_UOE_NON_FIN_PERS@DF_UOE_NF_PERS_CLS(1.0),,I,BEL,,ISCED11_2,,CLS,,FE,,_T,,_Z,,_Z,,A,,_Z,,_Z,,INST_EDU_PUB,,_Z,,ST_CL,,_T,,_T,,2022,,,,,,,,,,,,O,,,,,,2,,,,0,
DATAFLOW,OECD.EDU.IMEP:DSD_EAG_UOE_NON_FIN_PERS@DF_UOE_NF_PERS_CLS(1.0),,I,BEL,,ISCED11_1,,CLS,,FE,,_T,,_Z,,_Z,,A,,_Z,,_Z,,INST_EDU_PRIV,,_Z,,ST_CL,,_T,,_T,,2022,,,,,,,,,,,,O,,,,,,2,,,,0,
DATAFLOW,OECD.EDU.IMEP:DSD_EAG_UOE_NON_FIN_PERS@DF_UOE_NF_PERS_CLS(1.0),,I,IRL,,ISCED11_2,,CLS,,FE,,_T,,_Z,,_Z,,A,,_Z,,_Z,,INST_EDU,,_Z,,ST_CL,,_T,,_T,,2022,,,,,,,,,,,,O,,,,,,2,,,,0,
DATAFLOW,OECD.EDU.IMEP:DSD_EAG_UOE_NON_FIN_PERS@DF_UOE_NF_PERS_CLS(1.0),,I,IRL,,ISCED11_1,,CLS,,FE,,_T,,_Z,,_Z,,A,,_Z,,_Z,,INST_EDU_PRIV,,_Z,,ST_CL,,_T,,_T,,2022,,,,,,,,,,,,O,,,,,,2,,,,0,
DATAFLOW,OECD.EDU.IMEP:DSD_EAG_UOE_NON_FIN_PERS@DF_UOE_NF_PERS_CLS(1.0),,I,IRL,,ISCED11_1,,CLS,,FE,,_T,,_Z,,_Z,,A,,_Z,,_Z,,INST_EDU,,_Z,,ST_CL,,_T,,_T,,2022,,,,,,,,,,,,O,,,,,,2,,,,0,
DATAFLOW,OECD.EDU.IMEP:DSD_EAG_UOE_NON_FIN_PERS@DF_UOE_NF_PERS_CLS(1.0),,I,BEL,,ISCED11_2,,CLS,,FE,,_T,,_Z,,_Z,,A,,_Z,,_Z,,INST_EDU_PRIV_GOV,,_Z,,ST_CL,,_T,,_T,,2022,,,,,,,,,,,,O,,,,,,2,,,,0,
DATAFLOW,OECD.EDU.IMEP:DSD_EAG_UOE_NON_FIN_PERS@DF_UOE_NF_PERS_CLS(1.0),,I,BEL,,ISCED11_1,,CLS,,FE,,_T,,_Z,,_Z,,A,,_Z,,_Z,,INST_EDU_PRIV_IND,,_Z,,ST_CL,,_T,,_T,,2022,,,,,,,,,,,,O,,,,,,2,,,,0,
DATAFLOW,OECD.EDU.IMEP:DSD_EAG_UOE_NON_FIN_PERS@DF_UOE_NF_PERS_CLS(1.0),,I,BEL,,ISCED11_2,,CLS,,FE,,_T,,_Z,,_Z,,A,,_Z,,_Z,,INST_EDU_PRIV_IND,,_Z,,ST_CL,,_T,,_T,,2022,,,,,,,,,,,,O,,,,,,2,,,,0,
DATAFLOW,OECD.EDU.IMEP:DSD_EAG_UOE_NON_FIN_PERS@DF_UOE_NF_PERS_CLS(1.0),,I,BEL,,ISCED11_1,,CLS,,FE,,_T,,_Z,,_Z,,A,,_Z,,_Z,,INST_EDU_PUB,,_Z,,ST_CL,,_T,,_T,,2022,,,,,,,,,,,,O,,,,,,2,,,,0,
DATAFLOW,OECD.EDU.IMEP:DSD_EAG_UOE_NON_FIN_PERS@DF_UOE_NF_PERS_CLS(1.0),,I,BEL,,ISCED11_2,,CLS,,FE,,_T,,_Z,,_Z,,A,,_Z,,_Z,,INST_EDU_PRIV,,_Z,,ST_CL,,_T,,_T,,2022,,,,,,,,,,,,O,,,,,,2,,,,0,
DATAFLOW,OECD.EDU.IMEP:DSD_EAG_UOE_NON_FIN_PERS@DF_UOE_NF_PERS_CLS(1.0),,I,BEL,,ISCED11_2,,CLS,,FE,,_T,,_Z,,_Z,,A,,_Z,,_Z,,INST_EDU,,_Z,,ST_CL,,_T,,_T,,2022,,,,,,,,,,,,O,,,,,,2,,,,0,
DATAFLOW,OECD.EDU.IMEP:DSD_EAG_UOE_NON_FIN_PERS@DF_UOE_NF_PERS_CLS(1.0),,I,NZL,,ISCED11_1,,CLS,,FE,,_T,,_Z,,_Z,,A,,_Z,,_Z,,INST_EDU_PRIV,,_Z,,ST_CL,,_T,,_T,,2022,,,,,,,,,,,,O,,,,,,2,,,,0,
DATAFLOW,OECD.EDU.IMEP:DSD_EAG_UOE_NON_FIN_PERS@DF_UOE_NF_PERS_CLS(1.0),,I,NZL,,ISCED11_2,,CLS,,FE,,_T,,_Z,,_Z,,A,,_Z,,_Z,,INST_EDU_PRIV_GOV,,_Z,,ST_CL,,_T,,_T,,2022,,,,,,,,,,,,O,,,,,,2,,,,0,
DATAFLOW,OECD.EDU.IMEP:DSD_EAG_UOE_NON_FIN_PERS@DF_UOE_NF_PERS_CLS(1.0),,I,NZL,,ISCED11_1,,CLS,,FE,,_T,,_Z,,_Z,,A,,_Z,,_Z,,INST_EDU_PRIV_GOV,,_Z,,ST_CL,,_T,,_T,,2022,,,,,,,,,,,,O,,,,,,2,,,,0,
DATAFLOW,OECD.EDU.IMEP:DSD_EAG_UOE_NON_FIN_PERS@DF_UOE_NF_PERS_CLS(1.0),,I,NZL,,ISCED11_2,,CLS,,FE,,_T,,_Z,,_Z,,A,,_Z,,_Z,,INST_EDU_PRIV_IND,,_Z,,ST_CL,,_T,,_T,,2022,,,,,,,,,,,,O,,,,,,2,,,,0,
DATAFLOW,OECD.EDU.IMEP:DSD_EAG_UOE_NON_FIN_PERS@DF_UOE_NF_PERS_CLS(1.0),,I,NZL,,ISCED11_1,,CLS,,FE,,_T,,_Z,,_Z,,A,,_Z,,_Z,,INST_EDU_PRIV_IND,,_Z,,ST_CL,,_T,,_T,,2022,,,,,,,,,,,,O,,,,,,2,,,,0,
DATAFLOW,OECD.EDU.IMEP:DSD_EAG_UOE_NON_FIN_PERS@DF_UOE_NF_PERS_CLS(1.0),,I,NZL,,ISCED11_2,,CLS,,FE,,_T,,_Z,,_Z,,A,,_Z,,_Z,,INST_EDU_PRIV,,_Z,,ST_CL,,_T,,_T,,2022,,,,,,,,,,,,O,,,,,,2,,,,0,
DATAFLOW,OECD.EDU.IMEP:DSD_EAG_UOE_NON_FIN_PERS@DF_UOE_NF_PERS_CLS(1.0),,I,NZL,,ISCED11_2,,CLS,,FE,,_T,,_Z,,_Z,,A,,_Z,,_Z,,INST_EDU,,_Z,,ST_CL,,_T,,_T,,2022,,,,,,,,,,,,O,,,,,,2,,,,0,
DATAFLOW,OECD.EDU.IMEP:DSD_EAG_UOE_NON_FIN_PERS@DF_UOE_NF_PERS_CLS(1.0),,I,NZL,,ISCED11_1,,CLS,,FE,,_T,,_Z,,_Z,,A,,_Z,,_Z,,INST_EDU,,_Z,,ST_CL,,_T,,_T,,2022,,,,,,,,,,,,O,,,,,,2,,,,0,
DATAFLOW,OECD.EDU.IMEP:DSD_EAG_UOE_NON_FIN_PERS@DF_UOE_NF_PERS_CLS(1.0),,I,NZL,,ISCED11_1,,CLS,,FE,,_T,,_Z,,_Z,,A,,_Z,,_Z,,INST_EDU_PUB,,_Z,,ST_CL,,_T,,_T,,2022,,,,,,,,,,,,O,,,,,,2,,,,0,
DATAFLOW,OECD.EDU.IMEP:DSD_EAG_UOE_NON_FIN_PERS@DF_UOE_NF_PERS_CLS(1.0),,I,NLD,,ISCED11_2,,CLS,,FE,,_T,,_Z,,_Z,,A,,_Z,,_Z,,INST_EDU_PRIV_IND,,_Z,,ST_CL,,_T,,_T,,2022,,,,,,,,,,,,O,,,,,,2,,,,0,
DATAFLOW,OECD.EDU.IMEP:DSD_EAG_UOE_NON_FIN_PERS@DF_UOE_NF_PERS_CLS(1.0),,I,NLD,,ISCED11_1,,CLS,,FE,,_T,,_Z,,_Z,,A,,_Z,,_Z,,INST_EDU_PRIV_IND,,_Z,,ST_CL,,_T,,_T,,2022,,,,,,,,,,,,O,,,,,,2,,,,0,
DATAFLOW,OECD.EDU.IMEP:DSD_EAG_UOE_NON_FIN_PERS@DF_UOE_NF_PERS_CLS(1.0),,I,NLD,,ISCED11_1,,CLS,,FE,,_T,,_Z,,_Z,,A,,_Z,,_Z,,INST_EDU_PUB,,_Z,,ST_CL,,_T,,_T,,2022,,,,,,,,,,,,O,,,,,,2,,,,0,
DATAFLOW,OECD.EDU.IMEP:DSD_EAG_UOE_NON_FIN_PERS@DF_UOE_NF_PERS_CLS(1.0),,I,NLD,,ISCED11_2,,CLS,,FE,,_T,,_Z,,_Z,,A,,_Z,,_Z,,INST_EDU_PUB,,_Z,,ST_CL,,_T,,_T,,2022,,,,,,,,,,,,O,,,,,,2,,,,0,
DATAFLOW,OECD.EDU.IMEP:DSD_EAG_UOE_NON_FIN_PERS@DF_UOE_NF_PERS_CLS(1.0),,I,NLD,,ISCED11_1,,CLS,,FE,,_T,,_Z,,_Z,,A,,_Z,,_Z,,INST_EDU,,_Z,,ST_CL,,_T,,_T,,2022,,,,,,,,,,,,O,,,,,,2,,,,0,
DATAFLOW,OECD.EDU.IMEP:DSD_EAG_UOE_NON_FIN_PERS@DF_UOE_NF_PERS_CLS(1.0),,I,NLD,,ISCED11_2,,CLS,,FE,,_T,,_Z,,_Z,,A,,_Z,,_Z,,INST_EDU,,_Z,,ST_CL,,_T,,_T,,2022,,,,,,,,,,,,O,,,,,,2,,,,0,
DATAFLOW,OECD.EDU.IMEP:DSD_EAG_UOE_NON_FIN_PERS@DF_UOE_NF_PERS_CLS(1.0),,I,NLD,,ISCED11_2,,CLS,,FE,,_T,,_Z,,_Z,,A,,_Z,,_Z,,INST_EDU_PRIV,,_Z,,ST_CL,,_T,,_T,,2022,,,,,,,,,,,,O,,,,,,2,,,,0,
DATAFLOW,OECD.EDU.IMEP:DSD_EAG_UOE_NON_FIN_PERS@DF_UOE_NF_PERS_CLS(1.0),,I,NLD,,ISCED11_1,,CLS,,FE,,_T,,_Z,,_Z,,A,,_Z,,_Z,,INST_EDU_PRIV,,_Z,,ST_CL,,_T,,_T,,2022,,,,,,,,,,,,O,,,,,,2,,,,0,
DATAFLOW,OECD.EDU.IMEP:DSD_EAG_UOE_NON_FIN_PERS@DF_UOE_NF_PERS_CLS(1.0),,I,IRL,,ISCED11_2,,CLS,,FE,,_T,,_Z,,_Z,,A,,_Z,,_Z,,INST_EDU_PRIV_IND,,_Z,,ST_CL,,_T,,_T,,2022,,,,,,,,,,,,O,,,,,,2,,,,0,
DATAFLOW,OECD.EDU.IMEP:DSD_EAG_UOE_NON_FIN_PERS@DF_UOE_NF_PERS_CLS(1.0),,I,IRL,,ISCED11_1,,CLS,,FE,,_T,,_Z,,_Z,,A,,_Z,,_Z,,INST_EDU_PRIV_IND,,_Z,,ST_CL,,_T,,_T,,2022,,,,,,,,,,,,O,,,,,,2,,,,0,
DATAFLOW,OECD.EDU.IMEP:DSD_EAG_UOE_NON_FIN_PERS@DF_UOE_NF_PERS_CLS(1.0),,I,IRL,,ISCED11_2,,CLS,,FE,,_T,,_Z,,_Z,,A,,_Z,,_Z,,INST_EDU_PUB,,_Z,,ST_CL,,_T,,_T,,2022,,,,,,,,,,,,O,,,,,,2,,,,0,
DATAFLOW,OECD.EDU.IMEP:DSD_EAG_UOE_NON_FIN_PERS@DF_UOE_NF_PERS_CLS(1.0),,I,G20,,ISCED11_2,,CLS,,FE,,_T,,_Z,,_Z,,A,,_Z,,_Z,,INST_EDU_PRIV,,_Z,,ST_CL,,_T,,_T,,2022,,,,,,,,,,,,O,,,,,,2,,,,0,
DATAFLOW,OECD.EDU.IMEP:DSD_EAG_UOE_NON_FIN_PERS@DF_UOE_NF_PERS_CLS(1.0),,I,CHE,,ISCED11_2,,CLS,,FE,,_T,,_Z,,_Z,,A,,_Z,,_Z,,INST_EDU_PRIV,,_Z,,ST_CL,,_T,,_T,,2022,,,,,,,,,,,,O,,,,,,2,,,,0,
DATAFLOW,OECD.EDU.IMEP:DSD_EAG_UOE_NON_FIN_PERS@DF_UOE_NF_PERS_CLS(1.0),,I,NZL,,ISCED11_2,,CLS,,FE,,_T,,_Z,,_Z,,A,,_Z,,_Z,,INST_EDU_PUB,,_Z,,ST_CL,,_T,,_T,,2022,,,,,,,,,,,,O,,,,,,2,,,,0,
DATAFLOW,OECD.EDU.IMEP:DSD_EAG_UOE_NON_FIN_PERS@DF_UOE_NF_PERS_CLS(1.0),,I,NLD,,ISCED11_2,,CLS,,FE,,_T,,_Z,,_Z,,A,,_Z,,_Z,,INST_EDU_PRIV_GOV,,_Z,,ST_CL,,_T,,_T,,2022,,,,,,,,,,,,O,,,,,,2,,,,0,
DATAFLOW,OECD.EDU.IMEP:DSD_EAG_UOE_NON_FIN_PERS@DF_UOE_NF_PERS_CLS(1.0),,I,IRL,,ISCED11_2,,CLS,,FE,,_T,,_Z,,_Z,,A,,_Z,,_Z,,INST_EDU_PRIV,,_Z,,ST_CL,,_T,,_T,,2022,,,,,,,,,,,,O,,,,,,2,,,,0,
DATAFLOW,OECD.EDU.IMEP:DSD_EAG_UOE_NON_FIN_PERS@DF_UOE_NF_PERS_CLS(1.0),,I,BEL,,ISCED11_1,,CLS,,FE,,_T,,_Z,,_Z,,A,,_Z,,_Z,,INST_EDU_PRIV_GOV,,_Z,,ST_CL,,_T,,_T,,2022,,,,,,,,,,,,O,,,,,,2,,,,0,
DATAFLOW,OECD.EDU.IMEP:DSD_EAG_UOE_NON_FIN_PERS@DF_UOE_NF_PERS_CLS(1.0),,I,G20,,ISCED11_1,,CLS,,FE,,_T,,_Z,,_Z,,A,,_Z,,_Z,,INST_EDU_PRIV_GOV,,_Z,,ST_CL,,_T,,_T,,2022,,,,,,,,,,,,O,,,,,,2,,,,0,
DATAFLOW,OECD.EDU.IMEP:DSD_EAG_UOE_NON_FIN_PERS@DF_UOE_NF_PERS_CLS(1.0),,I,G20,,ISCED11_2,,CLS,,FE,,_T,,_Z,,_Z,,A,,_Z,,_Z,,INST_EDU_PRIV_GOV,,_Z,,ST_CL,,_T,,_T,,2022,,,,,,,,,,,,O,,,,,,2,,,,0,
DATAFLOW,OECD.EDU.IMEP:DSD_EAG_UOE_NON_FIN_PERS@DF_UOE_NF_PERS_CLS(1.0),,I,G20,,ISCED11_2,,CLS,,FE,,_T,,_Z,,_Z,,A,,_Z,,_Z,,INST_EDU_PRIV_IND,,_Z,,ST_CL,,_T,,_T,,2022,,,,,,,,,,,,O,,,,,,2,,,,0,
DATAFLOW,OECD.EDU.IMEP:DSD_EAG_UOE_NON_FIN_PERS@DF_UOE_NF_PERS_CLS(1.0),,I,G20,,ISCED11_1,,CLS,,FE,,_T,,_Z,,_Z,,A,,_Z,,_Z,,INST_EDU_PRIV_IND,,_Z,,ST_CL,,_T,,_T,,2022,,,,,,,,,,,,O,,,,,,2,,,,0,
DATAFLOW,OECD.EDU.IMEP:DSD_EAG_UOE_NON_FIN_PERS@DF_UOE_NF_PERS_CLS(1.0),,I,G20,,ISCED11_1,,CLS,,FE,,_T,,_Z,,_Z,,A,,_Z,,_Z,,INST_EDU_PRIV,,_Z,,ST_CL,,_T,,_T,,2022,,,,,,,,,,,,O,,,,,,2,,,,0,
DATAFLOW,OECD.EDU.IMEP:DSD_EAG_UOE_NON_FIN_PERS@DF_UOE_NF_PERS_CLS(1.0),,I,G20,,ISCED11_1,,CLS,,FE,,_T,,_Z,,_Z,,A,,_Z,,_Z,,INST_EDU,,_Z,,ST_CL,,_T,,_T,,2022,,,,,,,,,,,,O,,,,,,2,,,,0,
DATAFLOW,OECD.EDU.IMEP:DSD_EAG_UOE_NON_FIN_PERS@DF_UOE_NF_PERS_CLS(1.0),,I,G20,,ISCED11_2,,CLS,,FE,,_T,,_Z,,_Z,,A,,_Z,,_Z,,INST_EDU,,_Z,,ST_CL,,_T,,_T,,2022,,,,,,,,,,,,O,,,,,,2,,,,0,
DATAFLOW,OECD.EDU.IMEP:DSD_EAG_UOE_NON_FIN_PERS@DF_UOE_NF_PERS_CLS(1.0),,I,G20,,ISCED11_2,,CLS,,FE,,_T,,_Z,,_Z,,A,,_Z,,_Z,,INST_EDU_PUB,,_Z,,ST_CL,,_T,,_T,,2022,,,,,,,,,,,,O,,,,,,2,,,,0,
DATAFLOW,OECD.EDU.IMEP:DSD_EAG_UOE_NON_FIN_PERS@DF_UOE_NF_PERS_CLS(1.0),,I,G20,,ISCED11_1,,CLS,,FE,,_T,,_Z,,_Z,,A,,_Z,,_Z,,INST_EDU_PUB,,_Z,,ST_CL,,_T,,_T,,2022,,,,,,,,,,,,O,,,,,,2,,,,0,
DATAFLOW,OECD.EDU.IMEP:DSD_EAG_UOE_NON_FIN_PERS@DF_UOE_NF_PERS_CLS(1.0),,I,CHE,,ISCED11_1,,CLS,,FE,,_T,,_Z,,_Z,,A,,_Z,,_Z,,INST_EDU_PRIV_GOV,,_Z,,ST_CL,,_T,,_T,,2022,,,,,,,,,,,,O,,,,,,2,,,,0,
DATAFLOW,OECD.EDU.IMEP:DSD_EAG_UOE_NON_FIN_PERS@DF_UOE_NF_PERS_CLS(1.0),,I,CHE,,ISCED11_2,,CLS,,FE,,_T,,_Z,,_Z,,A,,_Z,,_Z,,INST_EDU_PRIV_GOV,,_Z,,ST_CL,,_T,,_T,,2022,,,,,,,,,,,,O,,,,,,2,,,,0,
DATAFLOW,OECD.EDU.IMEP:DSD_EAG_UOE_NON_FIN_PERS@DF_UOE_NF_PERS_CLS(1.0),,I,CHE,,ISCED11_1,,CLS,,FE,,_T,,_Z,,_Z,,A,,_Z,,_Z,,INST_EDU_PRIV_IND,,_Z,,ST_CL,,_T,,_T,,2022,,,,,,,,,,,,O,,,,,,2,,,,0,
DATAFLOW,OECD.EDU.IMEP:DSD_EAG_UOE_NON_FIN_PERS@DF_UOE_NF_PERS_CLS(1.0),,I,CHE,,ISCED11_2,,CLS,,FE,,_T,,_Z,,_Z,,A,,_Z,,_Z,,INST_EDU_PRIV_IND,,_Z,,ST_CL,,_T,,_T,,2022,,,,,,,,,,,,O,,,,,,2,,,,0,
DATAFLOW,OECD.EDU.IMEP:DSD_EAG_UOE_NON_FIN_PERS@DF_UOE_NF_PERS_CLS(1.0),,I,CHE,,ISCED11_1,,CLS,,FE,,_T,,_Z,,_Z,,A,,_Z,,_Z,,INST_EDU_PRIV,,_Z,,ST_CL,,_T,,_T,,2022,,,,,,,,,,,,O,,,,,,2,,,,0,
DATAFLOW,OECD.EDU.IMEP:DSD_EAG_UOE_NON_FIN_PERS@DF_UOE_NF_PERS_CLS(1.0),,I,NOR,,ISCED11_1,,CLS,,FE,,_T,,_Z,,_Z,,A,,_Z,,_Z,,INST_EDU_PRIV,,_Z,,ST_CL,,_T,,_T,,2022,,,,,,,,,,,,M,,,,,,2,,,,0,
DATAFLOW,OECD.EDU.IMEP:DSD_EAG_UOE_NON_FIN_PERS@DF_UOE_NF_PERS_CLS(1.0),,I,COL,,ISCED11_1,,CLS,,FE,,_T,,_Z,,_Z,,A,,_Z,,_Z,,INST_EDU_PRIV_GOV,,_Z,,ST_CL,,_T,,_T,,2022,,,,,,,,,,,,M,,,,,,2,,,,0,
DATAFLOW,OECD.EDU.IMEP:DSD_EAG_UOE_NON_FIN_PERS@DF_UOE_NF_PERS_CLS(1.0),,I,AUS,,ISCED11_2,,CLS,,FE,,_T,,_Z,,_Z,,A,,_Z,,_Z,,INST_EDU_PRIV_IND,,_Z,,ST_CL,,_T,,_T,,2022,,,,,,,,,,,,M,,,,,,2,,,,0,
DATAFLOW,OECD.EDU.IMEP:DSD_EAG_UOE_NON_FIN_PERS@DF_UOE_NF_PERS_CLS(1.0),,I,AUS,,ISCED11_1,,CLS,,FE,,_T,,_Z,,_Z,,A,,_Z,,_Z,,INST_EDU_PRIV_IND,,_Z,,ST_CL,,_T,,_T,,2022,,,,,,,,,,,,M,,,,,,2,,,,0,
DATAFLOW,OECD.EDU.IMEP:DSD_EAG_UOE_NON_FIN_PERS@DF_UOE_NF_PERS_CLS(1.0),,I,FRA,,ISCED11_1,,CLS,,FE,,_T,,_Z,,_Z,,A,,_Z,,_Z,,INST_EDU_PRIV_IND,,_Z,,ST_CL,,_T,,_T,,2022,,,,,,,,,,,,M,,,,,,2,,,,0,
DATAFLOW,OECD.EDU.IMEP:DSD_EAG_UOE_NON_FIN_PERS@DF_UOE_NF_PERS_CLS(1.0),,I,FIN,,ISCED11_1,,CLS,,FE,,_T,,_Z,,_Z,,A,,_Z,,_Z,,INST_EDU_PRIV_IND,,_Z,,ST_CL,,_T,,_T,,2022,,,,,,,,,,,,M,,,,,,2,,,,0,
DATAFLOW,OECD.EDU.IMEP:DSD_EAG_UOE_NON_FIN_PERS@DF_UOE_NF_PERS_CLS(1.0),,I,FIN,,ISCED11_2,,CLS,,FE,,_T,,_Z,,_Z,,A,,_Z,,_Z,,INST_EDU_PRIV_IND,,_Z,,ST_CL,,_T,,_T,,2022,,,,,,,,,,,,M,,,,,,2,,,,0,
DATAFLOW,OECD.EDU.IMEP:DSD_EAG_UOE_NON_FIN_PERS@DF_UOE_NF_PERS_CLS(1.0),,I,EST,,ISCED11_1,,CLS,,FE,,_T,,_Z,,_Z,,A,,_Z,,_Z,,INST_EDU_PRIV_IND,,_Z,,ST_CL,,_T,,_T,,2022,,,,,,,,,,,,M,,,,,,2,,,,0,
DATAFLOW,OECD.EDU.IMEP:DSD_EAG_UOE_NON_FIN_PERS@DF_UOE_NF_PERS_CLS(1.0),,I,EST,,ISCED11_2,,CLS,,FE,,_T,,_Z,,_Z,,A,,_Z,,_Z,,INST_EDU_PRIV_IND,,_Z,,ST_CL,,_T,,_T,,2022,,,,,,,,,,,,M,,,,,,2,,,,0,
DATAFLOW,OECD.EDU.IMEP:DSD_EAG_UOE_NON_FIN_PERS@DF_UOE_NF_PERS_CLS(1.0),,I,DNK,,ISCED11_2,,CLS,,FE,,_T,,_Z,,_Z,,A,,_Z,,_Z,,INST_EDU_PRIV_IND,,_Z,,ST_CL,,_T,,_T,,2022,,,,,,,,,,,,M,,,,,,2,,,,0,
DATAFLOW,OECD.EDU.IMEP:DSD_EAG_UOE_NON_FIN_PERS@DF_UOE_NF_PERS_CLS(1.0),,I,LUX,,ISCED11_2,,CLS,,FE,,_T,,_Z,,_Z,,A,,_Z,,_Z,,INST_EDU,,_Z,,ST_CL,,_T,,_T,,2022,,18.29147,,,,,,,,,,A,,,,,,2,,,,0,
DATAFLOW,OECD.EDU.IMEP:DSD_EAG_UOE_NON_FIN_PERS@DF_UOE_NF_PERS_CLS(1.0),,I,LUX,,ISCED11_1,,CLS,,FE,,_T,,_Z,,_Z,,A,,_Z,,_Z,,INST_EDU_PUB,,_Z,,ST_CL,,_T,,_T,,2022,,15.00654,,,,,,,,,,A,,,,,,2,,,,0,
DATAFLOW,OECD.EDU.IMEP:DSD_EAG_UOE_NON_FIN_PERS@DF_UOE_NF_PERS_CLS(1.0),,I,CZE,,ISCED11_2,,CLS,,FE,,_T,,_Z,,_Z,,A,,_Z,,_Z,,INST_EDU_PRIV_IND,,_Z,,ST_CL,,_T,,_T,,2022,,,,,,,,,,,,M,,,,,,2,,,,0,
DATAFLOW,OECD.EDU.IMEP:DSD_EAG_UOE_NON_FIN_PERS@DF_UOE_NF_PERS_CLS(1.0),,I,NOR,,ISCED11_2,,CLS,,FE,,_T,,_Z,,_Z,,A,,_Z,,_Z,,INST_EDU_PUB,,_Z,,ST_CL,,_T,,_T,,2022,,,,,,,,,,,,M,,,,,,2,,,,0,
DATAFLOW,OECD.EDU.IMEP:DSD_EAG_UOE_NON_FIN_PERS@DF_UOE_NF_PERS_CLS(1.0),,I,NOR,,ISCED11_2,,CLS,,FE,,_T,,_Z,,_Z,,A,,_Z,,_Z,,INST_EDU_PRIV,,_Z,,ST_CL,,_T,,_T,,2022,,,,,,,,,,,,M,,,,,,2,,,,0,
DATAFLOW,OECD.EDU.IMEP:DSD_EAG_UOE_NON_FIN_PERS@DF_UOE_NF_PERS_CLS(1.0),,I,NOR,,ISCED11_1,,CLS,,FE,,_T,,_Z,,_Z,,A,,_Z,,_Z,,INST_EDU,,_Z,,ST_CL,,_T,,_T,,2022,,,,,,,,,,,,M,,,,,,2,,,,0,
DATAFLOW,OECD.EDU.IMEP:DSD_EAG_UOE_NON_FIN_PERS@DF_UOE_NF_PERS_CLS(1.0),,I,NOR,,ISCED11_2,,CLS,,FE,,_T,,_Z,,_Z,,A,,_Z,,_Z,,INST_EDU,,_Z,,ST_CL,,_T,,_T,,2022,,,,,,,,,,,,M,,,,,,2,,,,0,
DATAFLOW,OECD.EDU.IMEP:DSD_EAG_UOE_NON_FIN_PERS@DF_UOE_NF_PERS_CLS(1.0),,I,NOR,,ISCED11_1,,CLS,,FE,,_T,,_Z,,_Z,,A,,_Z,,_Z,,INST_EDU_PUB,,_Z,,ST_CL,,_T,,_T,,2022,,,,,,,,,,,,M,,,,,,2,,,,0,
DATAFLOW,OECD.EDU.IMEP:DSD_EAG_UOE_NON_FIN_PERS@DF_UOE_NF_PERS_CLS(1.0),,I,NOR,,ISCED11_2,,CLS,,FE,,_T,,_Z,,_Z,,A,,_Z,,_Z,,INST_EDU_PRIV_GOV,,_Z,,ST_CL,,_T,,_T,,2022,,,,,,,,,,,,M,,,,,,2,,,,0,
DATAFLOW,OECD.EDU.IMEP:DSD_EAG_UOE_NON_FIN_PERS@DF_UOE_NF_PERS_CLS(1.0),,I,MEX,,ISCED11_1,,CLS,,FE,,_T,,_Z,,_Z,,A,,_Z,,_Z,,INST_EDU_PRIV_GOV,,_Z,,ST_CL,,_T,,_T,,2022,,,,,,,,,,,,M,,,,,,2,,,,0,
DATAFLOW,OECD.EDU.IMEP:DSD_EAG_UOE_NON_FIN_PERS@DF_UOE_NF_PERS_CLS(1.0),,I,MEX,,ISCED11_2,,CLS,,FE,,_T,,_Z,,_Z,,A,,_Z,,_Z,,INST_EDU_PRIV_GOV,,_Z,,ST_CL,,_T,,_T,,2022,,,,,,,,,,,,M,,,,,,2,,,,0,
DATAFLOW,OECD.EDU.IMEP:DSD_EAG_UOE_NON_FIN_PERS@DF_UOE_NF_PERS_CLS(1.0),,I,LVA,,ISCED11_1,,CLS,,FE,,_T,,_Z,,_Z,,A,,_Z,,_Z,,INST_EDU_PRIV_GOV,,_Z,,ST_CL,,_T,,_T,,2022,,,,,,,,,,,,M,,,,,,2,,,,0,
DATAFLOW,OECD.EDU.IMEP:DSD_EAG_UOE_NON_FIN_PERS@DF_UOE_NF_PERS_CLS(1.0),,I,KOR,,ISCED11_2,,CLS,,FE,,_T,,_Z,,_Z,,A,,_Z,,_Z,,INST_EDU_PRIV_IND,,_Z,,ST_CL,,_T,,_T,,2022,,,,,,,,,,,,M,,,,,,2,,,,0,
DATAFLOW,OECD.EDU.IMEP:DSD_EAG_UOE_NON_FIN_PERS@DF_UOE_NF_PERS_CLS(1.0),,I,JPN,,ISCED11_1,,CLS,,FE,,_T,,_Z,,_Z,,A,,_Z,,_Z,,INST_EDU_PRIV_GOV,,_Z,,ST_CL,,_T,,_T,,2022,,,,,,,,,,,,M,,,,,,2,,,,0,
DATAFLOW,OECD.EDU.IMEP:DSD_EAG_UOE_NON_FIN_PERS@DF_UOE_NF_PERS_CLS(1.0),,I,JPN,,ISCED11_2,,CLS,,FE,,_T,,_Z,,_Z,,A,,_Z,,_Z,,INST_EDU_PRIV_GOV,,_Z,,ST_CL,,_T,,_T,,2022,,,,,,,,,,,,M,,,,,,2,,,,0,
DATAFLOW,OECD.EDU.IMEP:DSD_EAG_UOE_NON_FIN_PERS@DF_UOE_NF_PERS_CLS(1.0),,I,ITA,,ISCED11_2,,CLS,,FE,,_T,,_Z,,_Z,,A,,_Z,,_Z,,INST_EDU_PRIV_GOV,,_Z,,ST_CL,,_T,,_T,,2022,,,,,,,,,,,,M,,,,,,2,,,,0,
DATAFLOW,OECD.EDU.IMEP:DSD_EAG_UOE_NON_FIN_PERS@DF_UOE_NF_PERS_CLS(1.0),,I,ISR,,ISCED11_1,,CLS,,FE,,_T,,_Z,,_Z,,A,,_Z,,_Z,,INST_EDU_PRIV_IND,,_Z,,ST_CL,,_T,,_T,,2022,,,,,,,,,,,,M,,,,,,2,,,,0,
DATAFLOW,OECD.EDU.IMEP:DSD_EAG_UOE_NON_FIN_PERS@DF_UOE_NF_PERS_CLS(1.0),,I,ISR,,ISCED11_2,,CLS,,FE,,_T,,_Z,,_Z,,A,,_Z,,_Z,,INST_EDU_PRIV_IND,,_Z,,ST_CL,,_T,,_T,,2022,,,,,,,,,,,,M,,,,,,2,,,,0,
DATAFLOW,OECD.EDU.IMEP:DSD_EAG_UOE_NON_FIN_PERS@DF_UOE_NF_PERS_CLS(1.0),,I,IRL,,ISCED11_2,,CLS,,FE,,_T,,_Z,,_Z,,A,,_Z,,_Z,,INST_EDU_PRIV_GOV,,_Z,,ST_CL,,_T,,_T,,2022,,,,,,,,,,,,M,,,,,,2,,,,0,
DATAFLOW,OECD.EDU.IMEP:DSD_EAG_UOE_NON_FIN_PERS@DF_UOE_NF_PERS_CLS(1.0),,I,IRL,,ISCED11_1,,CLS,,FE,,_T,,_Z,,_Z,,A,,_Z,,_Z,,INST_EDU_PRIV_GOV,,_Z,,ST_CL,,_T,,_T,,2022,,,,,,,,,,,,M,,,,,,2,,,,0,
DATAFLOW,OECD.EDU.IMEP:DSD_EAG_UOE_NON_FIN_PERS@DF_UOE_NF_PERS_CLS(1.0),,I,ISL,,ISCED11_1,,CLS,,FE,,_T,,_Z,,_Z,,A,,_Z,,_Z,,INST_EDU_PRIV_IND,,_Z,,ST_CL,,_T,,_T,,2022,,,,,,,,,,,,M,,,,,,2,,,,0,
DATAFLOW,OECD.EDU.IMEP:DSD_EAG_UOE_NON_FIN_PERS@DF_UOE_NF_PERS_CLS(1.0),,I,ISL,,ISCED11_2,,CLS,,FE,,_T,,_Z,,_Z,,A,,_Z,,_Z,,INST_EDU_PRIV_IND,,_Z,,ST_CL,,_T,,_T,,2022,,,,,,,,,,,,M,,,,,,2,,,,0,
DATAFLOW,OECD.EDU.IMEP:DSD_EAG_UOE_NON_FIN_PERS@DF_UOE_NF_PERS_CLS(1.0),,I,GRC,,ISCED11_2,,CLS,,FE,,_T,,_Z,,_Z,,A,,_Z,,_Z,,INST_EDU_PRIV_GOV,,_Z,,ST_CL,,_T,,_T,,2022,,,,,,,,,,,,M,,,,,,2,,,,0,
DATAFLOW,OECD.EDU.IMEP:DSD_EAG_UOE_NON_FIN_PERS@DF_UOE_NF_PERS_CLS(1.0),,I,TUR,,ISCED11_1,,CLS,,FE,,_T,,_Z,,_Z,,A,,_Z,,_Z,,INST_EDU_PRIV_GOV,,_Z,,ST_CL,,_T,,_T,,2022,,,,,,,,,,,,M,,,,,,2,,,,0,
DATAFLOW,OECD.EDU.IMEP:DSD_EAG_UOE_NON_FIN_PERS@DF_UOE_NF_PERS_CLS(1.0),,I,NOR,,ISCED11_1,,CLS,,FE,,_T,,_Z,,_Z,,A,,_Z,,_Z,,INST_EDU_PRIV_GOV,,_Z,,ST_CL,,_T,,_T,,2022,,,,,,,,,,,,M,,,,,,2,,,,0,
DATAFLOW,OECD.EDU.IMEP:DSD_EAG_UOE_NON_FIN_PERS@DF_UOE_NF_PERS_CLS(1.0),,I,LVA,,ISCED11_2,,CLS,,FE,,_T,,_Z,,_Z,,A,,_Z,,_Z,,INST_EDU_PRIV_GOV,,_Z,,ST_CL,,_T,,_T,,2022,,,,,,,,,,,,M,,,,,,2,,,,0,
DATAFLOW,OECD.EDU.IMEP:DSD_EAG_UOE_NON_FIN_PERS@DF_UOE_NF_PERS_CLS(1.0),,I,KOR,,ISCED11_1,,CLS,,FE,,_T,,_Z,,_Z,,A,,_Z,,_Z,,INST_EDU_PRIV_GOV,,_Z,,ST_CL,,_T,,_T,,2022,,,,,,,,,,,,M,,,,,,2,,,,0,
DATAFLOW,OECD.EDU.IMEP:DSD_EAG_UOE_NON_FIN_PERS@DF_UOE_NF_PERS_CLS(1.0),,I,ITA,,ISCED11_1,,CLS,,FE,,_T,,_Z,,_Z,,A,,_Z,,_Z,,INST_EDU_PRIV_GOV,,_Z,,ST_CL,,_T,,_T,,2022,,,,,,,,,,,,M,,,,,,2,,,,0,
DATAFLOW,OECD.EDU.IMEP:DSD_EAG_UOE_NON_FIN_PERS@DF_UOE_NF_PERS_CLS(1.0),,I,GRC,,ISCED11_1,,CLS,,FE,,_T,,_Z,,_Z,,A,,_Z,,_Z,,INST_EDU_PRIV_GOV,,_Z,,ST_CL,,_T,,_T,,2022,,,,,,,,,,,,M,,,,,,2,,,,0,
DATAFLOW,OECD.EDU.IMEP:DSD_EAG_UOE_NON_FIN_PERS@DF_UOE_NF_PERS_CLS(1.0),,I,COL,,ISCED11_2,,CLS,,FE,,_T,,_Z,,_Z,,A,,_Z,,_Z,,INST_EDU_PRIV_GOV,,_Z,,ST_CL,,_T,,_T,,2022,,,,,,,,,,,,M,,,,,,2,,,,0,
DATAFLOW,OECD.EDU.IMEP:DSD_EAG_UOE_NON_FIN_PERS@DF_UOE_NF_PERS_CLS(1.0),,I,ROU,,ISCED11_1,,CLS,,FE,,_T,,_Z,,_Z,,A,,_Z,,_Z,,INST_EDU_PRIV_GOV,,_Z,,ST_CL,,_T,,_T,,2022,,,,,,,,,,,,M,,,,,,2,,,,0,
DATAFLOW,OECD.EDU.IMEP:DSD_EAG_UOE_NON_FIN_PERS@DF_UOE_NF_PERS_CLS(1.0),,I,ROU,,ISCED11_2,,CLS,,FE,,_T,,_Z,,_Z,,A,,_Z,,_Z,,INST_EDU_PRIV_GOV,,_Z,,ST_CL,,_T,,_T,,2022,,,,,,,,,,,,M,,,,,,2,,,,0,
DATAFLOW,OECD.EDU.IMEP:DSD_EAG_UOE_NON_FIN_PERS@DF_UOE_NF_PERS_CLS(1.0),,I,HRV,,ISCED11_2,,CLS,,FE,,_T,,_Z,,_Z,,A,,_Z,,_Z,,INST_EDU_PRIV_GOV,,_Z,,ST_CL,,_T,,_T,,2022,,,,,,,,,,,,M,,,,,,2,,,,0,
DATAFLOW,OECD.EDU.IMEP:DSD_EAG_UOE_NON_FIN_PERS@DF_UOE_NF_PERS_CLS(1.0),,I,HRV,,ISCED11_1,,CLS,,FE,,_T,,_Z,,_Z,,A,,_Z,,_Z,,INST_EDU_PRIV_GOV,,_Z,,ST_CL,,_T,,_T,,2022,,,,,,,,,,,,M,,,,,,2,,,,0,
DATAFLOW,OECD.EDU.IMEP:DSD_EAG_UOE_NON_FIN_PERS@DF_UOE_NF_PERS_CLS(1.0),,I,BGR,,ISCED11_1,,CLS,,FE,,_T,,_Z,,_Z,,A,,_Z,,_Z,,INST_EDU_PRIV_GOV,,_Z,,ST_CL,,_T,,_T,,2022,,,,,,,,,,,,M,,,,,,2,,,,0,
DATAFLOW,OECD.EDU.IMEP:DSD_EAG_UOE_NON_FIN_PERS@DF_UOE_NF_PERS_CLS(1.0),,I,BGR,,ISCED11_2,,CLS,,FE,,_T,,_Z,,_Z,,A,,_Z,,_Z,,INST_EDU_PRIV_GOV,,_Z,,ST_CL,,_T,,_T,,2022,,,,,,,,,,,,M,,,,,,2,,,,0,
DATAFLOW,OECD.EDU.IMEP:DSD_EAG_UOE_NON_FIN_PERS@DF_UOE_NF_PERS_CLS(1.0),,I,BRA,,ISCED11_2,,CLS,,FE,,_T,,_Z,,_Z,,A,,_Z,,_Z,,INST_EDU_PRIV_GOV,,_Z,,ST_CL,,_T,,_T,,2022,,,,,,,,,,,,M,,,,,,2,,,,0,
DATAFLOW,OECD.EDU.IMEP:DSD_EAG_UOE_NON_FIN_PERS@DF_UOE_NF_PERS_CLS(1.0),,I,BRA,,ISCED11_1,,CLS,,FE,,_T,,_Z,,_Z,,A,,_Z,,_Z,,INST_EDU_PRIV_GOV,,_Z,,ST_CL,,_T,,_T,,2022,,,,,,,,,,,,M,,,,,,2,,,,0,
DATAFLOW,OECD.EDU.IMEP:DSD_EAG_UOE_NON_FIN_PERS@DF_UOE_NF_PERS_CLS(1.0),,I,USA,,ISCED11_1,,CLS,,FE,,_T,,_Z,,_Z,,A,,_Z,,_Z,,INST_EDU_PRIV_GOV,,_Z,,ST_CL,,_T,,_T,,2022,,,,,,,,,,,,M,,,,,,2,,,,0,
DATAFLOW,OECD.EDU.IMEP:DSD_EAG_UOE_NON_FIN_PERS@DF_UOE_NF_PERS_CLS(1.0),,I,USA,,ISCED11_2,,CLS,,FE,,_T,,_Z,,_Z,,A,,_Z,,_Z,,INST_EDU_PRIV_GOV,,_Z,,ST_CL,,_T,,_T,,2022,,,,,,,,,,,,M,,,,,,2,,,,0,
DATAFLOW,OECD.EDU.IMEP:DSD_EAG_UOE_NON_FIN_PERS@DF_UOE_NF_PERS_CLS(1.0),,I,TUR,,ISCED11_2,,CLS,,FE,,_T,,_Z,,_Z,,A,,_Z,,_Z,,INST_EDU_PRIV_GOV,,_Z,,ST_CL,,_T,,_T,,2022,,,,,,,,,,,,M,,,,,,2,,,,0,
DATAFLOW,OECD.EDU.IMEP:DSD_EAG_UOE_NON_FIN_PERS@DF_UOE_NF_PERS_CLS(1.0),,I,SWE,,ISCED11_2,,CLS,,FE,,_T,,_Z,,_Z,,A,,_Z,,_Z,,INST_EDU_PRIV_IND,,_Z,,ST_CL,,_T,,_T,,2022,,,,,,,,,,,,M,,,,,,2,,,,0,
DATAFLOW,OECD.EDU.IMEP:DSD_EAG_UOE_NON_FIN_PERS@DF_UOE_NF_PERS_CLS(1.0),,I,SWE,,ISCED11_1,,CLS,,FE,,_T,,_Z,,_Z,,A,,_Z,,_Z,,INST_EDU_PRIV_IND,,_Z,,ST_CL,,_T,,_T,,2022,,,,,,,,,,,,M,,,,,,2,,,,0,
DATAFLOW,OECD.EDU.IMEP:DSD_EAG_UOE_NON_FIN_PERS@DF_UOE_NF_PERS_CLS(1.0),,I,SVK,,ISCED11_2,,CLS,,FE,,_T,,_Z,,_Z,,A,,_Z,,_Z,,INST_EDU_PRIV_IND,,_Z,,ST_CL,,_T,,_T,,2022,,,,,,,,,,,,M,,,,,,2,,,,0,
DATAFLOW,OECD.EDU.IMEP:DSD_EAG_UOE_NON_FIN_PERS@DF_UOE_NF_PERS_CLS(1.0),,I,SVK,,ISCED11_1,,CLS,,FE,,_T,,_Z,,_Z,,A,,_Z,,_Z,,INST_EDU_PRIV_IND,,_Z,,ST_CL,,_T,,_T,,2022,,,,,,,,,,,,M,,,,,,2,,,,0,
DATAFLOW,OECD.EDU.IMEP:DSD_EAG_UOE_NON_FIN_PERS@DF_UOE_NF_PERS_CLS(1.0),,I,NOR,,ISCED11_1,,CLS,,FE,,_T,,_Z,,_Z,,A,,_Z,,_Z,,INST_EDU_PRIV_IND,,_Z,,ST_CL,,_T,,_T,,2022,,,,,,,,,,,,M,,,,,,2,,,,0,
DATAFLOW,OECD.EDU.IMEP:DSD_EAG_UOE_NON_FIN_PERS@DF_UOE_NF_PERS_CLS(1.0),,I,USA,,ISCED11_1,,CLS,,FE,,_T,,_Z,,_Z,,A,,_Z,,_Z,,INST_EDU_PRIV_IND,,_Z,,ST_CL,,_T,,_T,,2022,,15.6,,,,,,,,,,A,,,,,,2,,,,0,
DATAFLOW,OECD.EDU.IMEP:DSD_EAG_UOE_NON_FIN_PERS@DF_UOE_NF_PERS_CLS(1.0),,I,DEU,,ISCED11_1,,CLS,,FE,,_T,,_Z,,_Z,,A,,_Z,,_Z,,INST_EDU_PRIV_IND,,_Z,,ST_CL,,_T,,_T,,2022,,,,,,,,,,,,K,,,,,,2,,,,0,
DATAFLOW,OECD.EDU.IMEP:DSD_EAG_UOE_NON_FIN_PERS@DF_UOE_NF_PERS_CLS(1.0),,I,CHE,,ISCED11_2,,CLS,,FE,,_T,,_Z,,_Z,,A,,_Z,,_Z,,INST_EDU,,_Z,,ST_CL,,_T,,_T,,2022,,,,,,,,,,,,O,,,,,,2,,,,0,
DATAFLOW,OECD.EDU.IMEP:DSD_EAG_UOE_NON_FIN_PERS@DF_UOE_NF_PERS_CLS(1.0),,I,NOR,,ISCED11_2,,CLS,,FE,,_T,,_Z,,_Z,,A,,_Z,,_Z,,INST_EDU_PRIV_IND,,_Z,,ST_CL,,_T,,_T,,2022,,,,,,,,,,,,M,,,,,,2,,,,0,
DATAFLOW,OECD.EDU.IMEP:DSD_EAG_UOE_NON_FIN_PERS@DF_UOE_NF_PERS_CLS(1.0),,I,EU25,,ISCED11_2,,CLS,,FE,,_T,,_Z,,_Z,,A,,_Z,,_Z,,INST_EDU_PUB,,_Z,,ST_CL,,_T,,_T,,2022,,20.7032818181818,,,,,,,,,,A,,,,,,2,,,,0,
